106439,Stearn,Grimme,sgrimme1r@mysql.com,867-712-2302,Denver,Colorado,433452,2022-04-22,gold,true,2022-04-22T00:00:00.000Z,2025-12-21T00:00:00.000Z
108527,Kelsey,Revan,krevan7d@hexun.com,188-605-1619,Chicago,Illinois,340 04,2024-02-12,platinum,true,2024-02-12T00:00:00.000Z,2025-12-05T00:00:00.000Z
109877,Ced,Nollet,cnollet71@xrea.com,495-212-2104,Denver,Colorado,,2023-09-18,platinum,true,2023-09-18T00:00:00.000Z,2026-04-14T00:00:00.000Z
111234,Larina,Silbermann,lsilbermannc4@wikia.com,501-938-1818,Buffalo,New York,579-8066,2022-12-09,silver,true,2022-12-09T00:00:00.000Z,2026-04-22T00:00:00.000Z
113549,Duffie,Paty,dpatyce@yelp.com,519-602-7745,Buffalo,New York,,2024-12-16,platinum,true,2024-12-16T00:00:00.000Z,2025-12-16T00:00:00.000Z
114969,Faulkner,Di Frisco,fdifriscobb@instagram.com,200-192-7095,Los Angeles,California,,2022-07-26,silver,true,2022-07-26T00:00:00.000Z,2026-02-23T00:00:00.000Z
115221,Tana,Endon,tendon43@ted.com,711-897-5802,Los Angeles,California,368551,2023-02-15,platinum,true,2023-02-15T00:00:00.000Z,2026-02-25T00:00:00.000Z
115568,Humfrid,Florey,hfloreybi@ted.com,432-364-8329,Birmingham,Alabama,66945 CEDEX,2022-03-14,silver,true,2022-03-14T00:00:00.000Z,2026-01-09T00:00:00.000Z
115893,Willetta,Lindl,wlindl6@webs.com,664-125-3124,Buffalo,New York,60-763,2022-02-20,bronze,true,2022-02-20T00:00:00.000Z,2025-12-17T00:00:00.000Z
118962,Pauline,Flood,pflood48@comcast.net,411-734-9919,Los Angeles,California,,2024-06-05,silver,false,2024-06-05T00:00:00.000Z,2026-03-03T00:00:00.000Z
120035,Eleanore,Imlen,eimlenb5@aboutads.info,527-361-9381,Buffalo,New York,,2023-09-20,bronze,true,2023-09-20T00:00:00.000Z,2026-04-24T00:00:00.000Z
122186,Llewellyn,Fadian,lfadiang@multiply.com,186-956-7053,Buffalo,New York,,2022-05-18,silver,false,2022-05-18T00:00:00.000Z,2026-01-27T00:00:00.000Z
124817,Veriee,Curthoys,vcurthoys51@mlb.com,750-814-6196,Buffalo,New York,,2023-10-11,bronze,true,2023-10-11T00:00:00.000Z,2026-02-01T00:00:00.000Z
125091,Hugues,Coche,hcoche6j@mit.edu,728-254-4576,Chicago,Illinois,,2024-10-19,platinum,true,2024-10-19T00:00:00.000Z,2025-12-09T00:00:00.000Z
125841,Octavia,Kobel,okobel61@de.vu,920-791-8177,Los Angeles,California,,2022-08-27,bronze,true,2022-08-27T00:00:00.000Z,2026-04-19T00:00:00.000Z
126628,Winslow,Cubbini,wcubbinib0@oracle.com,349-661-8006,Buffalo,New York,,2022-09-27,gold,true,2022-09-27T00:00:00.000Z,2026-02-18T00:00:00.000Z
127051,Michail,Rown,mrown26@163.com,878-664-9304,Denver,Colorado,,2022-03-16,silver,true,2022-03-16T00:00:00.000Z,2025-12-06T00:00:00.000Z
128848,Suzanne,Grimolbie,sgrimolbie7n@rediff.com,465-727-9443,Chicago,Illinois,,2024-07-22,silver,true,2024-07-22T00:00:00.000Z,2026-03-02T00:00:00.000Z
129048,Hazel,Pummell,hpummell5f@cloudflare.com,352-726-6022,Chicago,Illinois,,2024-05-13,silver,true,2024-05-13T00:00:00.000Z,2026-04-15T00:00:00.000Z
134094,Edna,Knibbs,eknibbs8o@jiathis.com,898-336-2714,Los Angeles,California,,2022-06-06,bronze,true,2022-06-06T00:00:00.000Z,2026-02-24T00:00:00.000Z
138103,Brendan,Slaymaker,bslaymaker9l@linkedin.com,100-561-0402,Chicago,Illinois,50136,2023-10-26,silver,true,2023-10-26T00:00:00.000Z,2025-12-22T00:00:00.000Z
140547,Darrel,Antonognoli,dantonognoli9v@bravesites.com,382-535-0206,Chicago,Illinois,,2025-04-14,silver,true,2025-04-14T00:00:00.000Z,2026-03-09T00:00:00.000Z
141088,Celeste,McConnachie,cmcconnachie3@xing.com,543-146-5796,Denver,Colorado,53009 CEDEX,2023-01-06,gold,true,2023-01-06T00:00:00.000Z,2026-03-19T00:00:00.000Z
144858,Marjy,Barkes,mbarkesc2@simplemachines.org,287-478-8320,Birmingham,Alabama,,2022-10-19,silver,false,2022-10-19T00:00:00.000Z,2026-04-06T00:00:00.000Z
149860,Ax,Fautley,afautley7a@apple.com,592-290-1790,Los Angeles,California,,2023-01-06,bronze,true,2023-01-06T00:00:00.000Z,2026-03-07T00:00:00.000Z
151461,Maren,Auten,mautenbx@aboutads.info,603-868-3288,Birmingham,Alabama,8311,2023-10-07,bronze,true,2023-10-07T00:00:00.000Z,2025-12-26T00:00:00.000Z
153540,Nikkie,Rassell,nrassell6x@wikimedia.org,344-336-2735,Birmingham,Alabama,,2024-12-12,platinum,true,2024-12-12T00:00:00.000Z,2026-02-08T00:00:00.000Z
154148,Willy,Cowely,wcowely2q@bandcamp.com,168-224-7640,Denver,Colorado,4730-010,2022-05-27,platinum,false,2022-05-27T00:00:00.000Z,2026-01-20T00:00:00.000Z
156654,Fulton,Giraudo,fgiraudo7@prnewswire.com,154-194-4084,Los Angeles,California,,2023-12-23,bronze,true,2023-12-23T00:00:00.000Z,2026-04-15T00:00:00.000Z
157109,Rosina,Pasby,rpasby9p@de.vu,239-387-5774,Birmingham,Alabama,618245,2024-03-17,gold,true,2024-03-17T00:00:00.000Z,2026-01-08T00:00:00.000Z
158903,Valentine,Boobier,vboobier42@last.fm,274-212-0504,Buffalo,New York,13464 CEDEX 16,2023-06-25,silver,true,2023-06-25T00:00:00.000Z,2026-03-13T00:00:00.000Z
159595,Marybeth,Pierri,mpierri19@imageshack.us,692-645-8805,Chicago,Illinois,11005,2025-04-16,silver,true,2025-04-16T00:00:00.000Z,2026-04-01T00:00:00.000Z
160148,Moshe,Blachford,mblachfordb2@seattletimes.com,744-396-1066,Denver,Colorado,,2023-05-20,platinum,true,2023-05-20T00:00:00.000Z,2026-03-14T00:00:00.000Z
160747,Briggs,Worboys,bworboys3g@vinaora.com,244-799-6295,Birmingham,Alabama,K7A,2023-01-20,gold,false,2023-01-20T00:00:00.000Z,2026-02-21T00:00:00.000Z
160895,Virginie,Harlock,vharlocka1@oaic.gov.au,637-163-2333,Buffalo,New York,5420,2024-02-11,platinum,true,2024-02-11T00:00:00.000Z,2026-02-07T00:00:00.000Z
167363,Jon,Filyushkin,jfilyushkind4@toplist.cz,473-334-1232,Los Angeles,California,,2024-05-06,gold,true,2024-05-06T00:00:00.000Z,2026-02-15T00:00:00.000Z
171940,Niko,Powder,npowder6y@yandex.ru,377-541-0731,Chicago,Illinois,4550-289,2023-08-31,silver,false,2023-08-31T00:00:00.000Z,2026-03-29T00:00:00.000Z
174013,Josh,Palser,jpalser8q@uiuc.edu,528-897-9090,Birmingham,Alabama,,2025-03-14,silver,true,2025-03-14T00:00:00.000Z,2025-12-10T00:00:00.000Z
174540,Efrem,Juhruke,ejuhrukedh@usatoday.com,272-168-9459,Chicago,Illinois,5186,2023-12-31,bronze,true,2023-12-31T00:00:00.000Z,2026-02-04T00:00:00.000Z
180950,Neale,Jarlmann,njarlmann2m@wunderground.com,312-420-2784,Birmingham,Alabama,H54,2022-05-05,platinum,true,2022-05-05T00:00:00.000Z,2026-01-07T00:00:00.000Z
184245,Shelley,Layfield,slayfield1s@nytimes.com,432-393-9594,Birmingham,Alabama,,2022-02-03,gold,true,2022-02-03T00:00:00.000Z,2025-12-26T00:00:00.000Z
184290,Tessy,Rekes,trekes46@usa.gov,200-884-5830,Chicago,Illinois,,2024-10-28,gold,true,2024-10-28T00:00:00.000Z,2026-03-12T00:00:00.000Z
185083,Lissie,Gateshill,lgateshillcy@msn.com,237-250-4210,Buffalo,New York,,2024-10-18,silver,true,2024-10-18T00:00:00.000Z,2026-04-14T00:00:00.000Z
185721,Berty,Steffan,bsteffan1z@amazon.co.jp,949-115-4395,Buffalo,New York,,2022-08-09,gold,false,2022-08-09T00:00:00.000Z,2026-03-04T00:00:00.000Z
185748,Vania,Valois,vvaloisdm@time.com,905-871-5300,Chicago,Illinois,632770,2023-06-12,bronze,true,2023-06-12T00:00:00.000Z,2026-02-11T00:00:00.000Z
185772,Brooke,Crim,bcrim36@cbslocal.com,231-172-5489,Birmingham,Alabama,33-158,2022-09-17,silver,true,2022-09-17T00:00:00.000Z,2026-01-17T00:00:00.000Z
187932,Mateo,Paddick,mpaddickbc@nps.gov,146-839-5348,Denver,Colorado,96500-000,2023-09-21,silver,true,2023-09-21T00:00:00.000Z,2026-01-25T00:00:00.000Z
188204,Cesare,Bartak,cbartak2k@reference.com,612-798-9376,Los Angeles,California,,2023-07-23,gold,true,2023-07-23T00:00:00.000Z,2026-01-08T00:00:00.000Z
189165,Kirsten,Helling,khellingdj@tuttocitta.it,943-679-1952,Los Angeles,California,,2024-02-28,platinum,true,2024-02-28T00:00:00.000Z,2025-12-03T00:00:00.000Z
190105,Nicholas,Clemett,nclemett3h@cam.ac.uk,724-978-0644,Chicago,Illinois,95270-000,2023-01-21,platinum,false,2023-01-21T00:00:00.000Z,2026-02-09T00:00:00.000Z
191124,Nester,Buey,nbueyds@wordpress.com,609-553-5636,Buffalo,New York,,2024-08-26,gold,true,2024-08-26T00:00:00.000Z,2025-11-30T00:00:00.000Z
193186,Gabby,Cobleigh,gcobleigh13@census.gov,321-445-9938,Birmingham,Alabama,,2025-02-23,platinum,true,2025-02-23T00:00:00.000Z,2025-12-29T00:00:00.000Z
199368,Celestyn,Leyman,cleyman84@marriott.com,290-745-1534,Los Angeles,California,,2023-09-08,gold,true,2023-09-08T00:00:00.000Z,2026-01-20T00:00:00.000Z
202388,Agatha,Gurry,agurry6s@skype.com,496-398-3663,Birmingham,Alabama,8314,2022-07-06,platinum,true,2022-07-06T00:00:00.000Z,2026-01-31T00:00:00.000Z
203858,Cybill,Hechlin,chechlin33@vk.com,267-300-4602,Buffalo,New York,,2022-08-13,gold,true,2022-08-13T00:00:00.000Z,2025-12-17T00:00:00.000Z
204246,Taddeusz,Lempenny,tlempennyr@ifeng.com,568-582-5470,Los Angeles,California,75483,2023-08-21,platinum,true,2023-08-21T00:00:00.000Z,2026-02-02T00:00:00.000Z
204377,Jayme,Dearell,jdearell7o@shutterfly.com,684-873-5830,Buffalo,New York,,2024-07-19,bronze,true,2024-07-19T00:00:00.000Z,2026-03-04T00:00:00.000Z
205314,Anabal,Duignan,aduignanbs@dion.ne.jp,367-506-3538,Birmingham,Alabama,,2024-04-22,silver,true,2024-04-22T00:00:00.000Z,2026-03-23T00:00:00.000Z
206793,Christopher,Hucks,chucks2n@pcworld.com,846-317-3677,Chicago,Illinois,11320,2022-03-13,bronze,true,2022-03-13T00:00:00.000Z,2026-02-28T00:00:00.000Z
207498,Carr,McDavitt,cmcdavittbw@ft.com,537-638-4155,Denver,Colorado,,2025-04-19,gold,true,2025-04-19T00:00:00.000Z,2026-05-04T00:00:00.000Z
210540,Marin,Vaugham,mvaugham57@chronoengine.com,467-158-1208,Los Angeles,California,6001,2022-10-04,silver,true,2022-10-04T00:00:00.000Z,2026-02-22T00:00:00.000Z
211475,Gerik,Quinn,gquinnbh@gmpg.org,639-637-6093,Denver,Colorado,93228,2022-10-15,bronze,true,2022-10-15T00:00:00.000Z,2026-03-12T00:00:00.000Z
214317,Faulkner,Hazeldean,fhazeldean9k@live.com,460-916-0379,Birmingham,Alabama,,2024-03-05,platinum,false,2024-03-05T00:00:00.000Z,2026-01-31T00:00:00.000Z
215031,Elvera,Batram,ebatrambv@uiuc.edu,903-444-7368,Los Angeles,California,,2022-01-19,bronze,true,2022-01-19T00:00:00.000Z,2026-04-25T00:00:00.000Z
215107,Pansie,Antoniou,pantoniou4s@engadget.com,666-766-8440,Los Angeles,California,,2024-09-25,gold,true,2024-09-25T00:00:00.000Z,2026-01-15T00:00:00.000Z
216350,Killie,Scantleberry,kscantleberrybp@wufoo.com,166-965-0273,Buffalo,New York,34-143,2022-09-01,bronze,true,2022-09-01T00:00:00.000Z,2026-04-11T00:00:00.000Z
218998,Shayne,Balf,sbalf3z@mayoclinic.com,363-561-1846,Denver,Colorado,,2024-04-24,platinum,true,2024-04-24T00:00:00.000Z,2026-03-18T00:00:00.000Z
219787,Adela,Deehan,adeehan4k@acquirethisname.com,435-884-8560,Birmingham,Alabama,368157,2023-11-03,bronze,true,2023-11-03T00:00:00.000Z,2026-04-03T00:00:00.000Z
219933,Neddy,Finch,nfinch4m@shutterfly.com,388-883-2333,Buffalo,New York,16146,2022-04-23,silver,true,2022-04-23T00:00:00.000Z,2026-03-22T00:00:00.000Z
219952,Reggi,Mattussevich,rmattussevich75@ftc.gov,840-330-5144,Los Angeles,California,,2022-10-29,platinum,true,2022-10-29T00:00:00.000Z,2026-04-19T00:00:00.000Z
221186,Alejandra,Allbut,aallbut63@go.com,416-707-1481,Birmingham,Alabama,,2024-08-08,platinum,true,2024-08-08T00:00:00.000Z,2025-12-03T00:00:00.000Z
223500,Marcile,Hemmingway,mhemmingway2b@hostgator.com,518-101-5244,Denver,Colorado,,2023-03-20,silver,false,2023-03-20T00:00:00.000Z,2026-03-01T00:00:00.000Z
223648,Augustin,Spensley,aspensley4h@guardian.co.uk,961-723-1894,Buffalo,New York,925-0563,2022-10-15,platinum,true,2022-10-15T00:00:00.000Z,2026-01-26T00:00:00.000Z
225933,Edy,Sybry,esybry5h@redcross.org,678-169-5500,Los Angeles,California,,2022-08-28,platinum,false,2022-08-28T00:00:00.000Z,2026-04-22T00:00:00.000Z
226037,Welsh,Millsom,wmillsomcx@shutterfly.com,698-148-0108,Chicago,Illinois,73216 CEDEX,2022-05-12,gold,true,2022-05-12T00:00:00.000Z,2026-03-08T00:00:00.000Z
227404,Carmel,Hesse,chesse5j@etsy.com,302-420-5263,Birmingham,Alabama,289-1211,2022-07-20,bronze,true,2022-07-20T00:00:00.000Z,2026-01-07T00:00:00.000Z
233989,Franciskus,Rains,frains89@odnoklassniki.ru,361-175-2001,Los Angeles,California,,2023-03-12,bronze,true,2023-03-12T00:00:00.000Z,2025-12-08T00:00:00.000Z
235778,Gail,Bertouloume,gbertouloume49@gmpg.org,695-775-1468,Denver,Colorado,,2024-04-02,gold,true,2024-04-02T00:00:00.000Z,2026-03-25T00:00:00.000Z
236090,Archambault,Ferrandez,aferrandez59@imageshack.us,540-345-4453,Birmingham,Alabama,,2024-11-01,bronze,true,2024-11-01T00:00:00.000Z,2026-02-14T00:00:00.000Z
236711,Lari,Toopin,ltoopincp@addtoany.com,802-714-1536,Los Angeles,California,,2023-10-17,gold,true,2023-10-17T00:00:00.000Z,2026-05-05T00:00:00.000Z
239353,Feliza,Thrussell,fthrussell93@dot.gov,325-479-8805,Los Angeles,California,243421,2024-05-20,gold,true,2024-05-20T00:00:00.000Z,2026-03-24T00:00:00.000Z
240045,Lila,Tummons,ltummonsdf@squidoo.com,192-390-5038,Denver,Colorado,,2023-01-21,platinum,true,2023-01-21T00:00:00.000Z,2026-04-08T00:00:00.000Z
241249,Faustina,Doubrava,fdoubrava2u@eventbrite.com,626-897-9190,Los Angeles,California,,2023-07-19,silver,true,2023-07-19T00:00:00.000Z,2025-12-04T00:00:00.000Z
244233,Hal,Beckhouse,hbeckhouse68@cnn.com,354-892-5932,Birmingham,Alabama,735 41,2023-06-21,gold,true,2023-06-21T00:00:00.000Z,2026-01-23T00:00:00.000Z
244791,Drugi,Gaymar,dgaymarcw@paypal.com,438-706-4489,Birmingham,Alabama,88870-000,2023-06-14,gold,true,2023-06-14T00:00:00.000Z,2026-02-27T00:00:00.000Z
244805,Deck,Baistow,dbaistowao@phoca.cz,549-287-1986,Birmingham,Alabama,,2023-08-08,silver,true,2023-08-08T00:00:00.000Z,2026-03-03T00:00:00.000Z
246596,Graig,McTear,gmctearbz@paypal.com,698-727-1454,Buffalo,New York,5147,2023-08-31,platinum,true,2023-08-31T00:00:00.000Z,2026-02-28T00:00:00.000Z
247221,Jessee,Sloam,jsloam2z@drupal.org,278-216-0280,Los Angeles,California,,2024-03-26,silver,true,2024-03-26T00:00:00.000Z,2026-03-10T00:00:00.000Z
247503,Kelci,Goacher,kgoacher1p@skyrock.com,923-691-3817,Buffalo,New York,619221,2022-11-03,gold,true,2022-11-03T00:00:00.000Z,2025-12-20T00:00:00.000Z
250787,Hy,Aland,haland7e@over-blog.com,194-719-6723,Buffalo,New York,12045,2025-01-17,silver,true,2025-01-17T00:00:00.000Z,2026-04-29T00:00:00.000Z
250951,Michael,Beacon,mbeacon8v@comcast.net,582-945-3567,Birmingham,Alabama,682539,2024-06-14,bronze,true,2024-06-14T00:00:00.000Z,2026-02-02T00:00:00.000Z
253027,Eamon,Straw,estraw2g@yelp.com,569-814-2357,Denver,Colorado,,2024-09-25,bronze,false,2024-09-25T00:00:00.000Z,2026-03-14T00:00:00.000Z
259358,Norah,Brosoli,nbrosolic9@sakura.ne.jp,197-451-8702,Buffalo,New York,,2025-01-10,silver,false,2025-01-10T00:00:00.000Z,2026-01-06T00:00:00.000Z
260557,Luca,Kayes,lkayes7q@blogger.com,145-301-5725,Denver,Colorado,,2022-10-02,gold,true,2022-10-02T00:00:00.000Z,2026-01-08T00:00:00.000Z
260629,Sorcha,Hodge,shodge52@go.com,188-267-4557,Los Angeles,California,,2023-11-01,bronze,true,2023-11-01T00:00:00.000Z,2025-12-02T00:00:00.000Z
261526,Drona,Farndale,dfarndale9s@google.com.br,893-518-5501,Los Angeles,California,,2024-01-26,silver,true,2024-01-26T00:00:00.000Z,2025-12-26T00:00:00.000Z
263201,Jervis,Pikesley,jpikesley2x@loc.gov,274-693-3769,Chicago,Illinois,,2024-02-19,gold,true,2024-02-19T00:00:00.000Z,2026-01-24T00:00:00.000Z
264922,Paddie,Jancic,pjancic4u@alibaba.com,960-452-8041,Birmingham,Alabama,,2022-09-11,gold,false,2022-09-11T00:00:00.000Z,2026-04-04T00:00:00.000Z
265585,Prent,Muscroft,pmuscroft8y@acquirethisname.com,897-268-8656,Los Angeles,California,949-1742,2022-11-08,silver,true,2022-11-08T00:00:00.000Z,2026-04-22T00:00:00.000Z
266929,Sharia,Scudamore,sscudamoreae@ebay.com,615-529-0363,Birmingham,Alabama,,2024-05-12,bronze,true,2024-05-12T00:00:00.000Z,2025-12-03T00:00:00.000Z
267861,Dalenna,Rome,dromebf@virginia.edu,507-838-2865,Buffalo,New York,,2024-04-03,platinum,true,2024-04-03T00:00:00.000Z,2026-02-11T00:00:00.000Z
270520,Shaine,Bertelmot,sbertelmot34@dell.com,422-940-1604,Los Angeles,California,106 65,2024-07-19,silver,true,2024-07-19T00:00:00.000Z,2025-12-30T00:00:00.000Z
274168,Chicky,Clines,cclines35@geocities.jp,599-784-3386,Denver,Colorado,,2023-03-20,bronze,true,2023-03-20T00:00:00.000Z,2026-02-05T00:00:00.000Z
274724,Sunny,Anning,sanning7w@xing.com,478-474-7567,Birmingham,Alabama,,2024-07-06,silver,true,2024-07-06T00:00:00.000Z,2026-02-13T00:00:00.000Z
277548,Parry,Sheehan,psheehana5@artisteer.com,687-354-4430,Chicago,Illinois,357433,2023-02-03,silver,true,2023-02-03T00:00:00.000Z,2026-03-23T00:00:00.000Z
284399,Brook,Elliman,bellimann@sciencedirect.com,657-551-1358,Denver,Colorado,,2024-02-26,bronze,true,2024-02-26T00:00:00.000Z,2026-02-27T00:00:00.000Z
285749,Fidela,Linger,flingercf@skyrock.com,454-985-5607,Los Angeles,California,75693 CEDEX 14,2022-09-18,bronze,true,2022-09-18T00:00:00.000Z,2026-01-17T00:00:00.000Z
288844,Hilde,Rarity,hrarity3y@ted.com,173-953-1150,Los Angeles,California,1413,2023-11-30,silver,true,2023-11-30T00:00:00.000Z,2026-01-04T00:00:00.000Z
289779,Beret,Domoney,bdomoney55@kickstarter.com,926-293-2629,Chicago,Illinois,307156,2022-06-11,silver,true,2022-06-11T00:00:00.000Z,2026-01-19T00:00:00.000Z
289840,Wilma,Wardhough,wwardhough1@netlog.com,757-880-3339,Buffalo,New York,,2024-03-06,platinum,true,2024-03-06T00:00:00.000Z,2026-04-09T00:00:00.000Z
290977,Shirline,Patridge,spatridge3k@elegantthemes.com,505-553-4471,Denver,Colorado,3500-548,2023-12-20,bronze,true,2023-12-20T00:00:00.000Z,2025-12-15T00:00:00.000Z
291935,Gisela,Merit,gmerit9i@marriott.com,319-591-7883,Los Angeles,California,,2025-03-25,silver,false,2025-03-25T00:00:00.000Z,2026-04-30T00:00:00.000Z
296379,Gavin,Starbuck,gstarbuck8s@nytimes.com,810-146-7305,Buffalo,New York,,2024-12-04,bronze,false,2024-12-04T00:00:00.000Z,2026-03-22T00:00:00.000Z
299059,Bev,Furniss,bfurniss5i@comsenz.com,426-467-6918,Denver,Colorado,5460,2024-08-18,platinum,true,2024-08-18T00:00:00.000Z,2025-12-27T00:00:00.000Z
302131,Theda,Rosten,trostena6@omniture.com,917-345-5798,Buffalo,New York,303158,2024-02-11,gold,true,2024-02-11T00:00:00.000Z,2026-03-18T00:00:00.000Z
303329,Giffie,Fudger,gfudger45@msn.com,811-437-5409,Birmingham,Alabama,50402,2024-09-10,silver,true,2024-09-10T00:00:00.000Z,2026-01-01T00:00:00.000Z
308536,Carrie,Forryan,cforryan6u@weather.com,280-582-4076,Buffalo,New York,788 32,2024-08-09,gold,true,2024-08-09T00:00:00.000Z,2026-04-23T00:00:00.000Z
308746,Mayor,Challender,mchallender9b@altervista.org,676-199-1440,Chicago,Illinois,,2022-09-01,platinum,true,2022-09-01T00:00:00.000Z,2026-04-08T00:00:00.000Z
309629,Matthiew,Beardon,mbeardon56@si.edu,417-715-9007,Buffalo,New York,52111,2024-05-01,gold,true,2024-05-01T00:00:00.000Z,2026-03-15T00:00:00.000Z
309690,Kissie,Casperri,kcasperridl@google.com,457-282-3989,Birmingham,Alabama,6043,2023-04-13,bronze,true,2023-04-13T00:00:00.000Z,2026-02-15T00:00:00.000Z
309701,Scarface,Greir,sgreir90@berkeley.edu,140-410-6171,Birmingham,Alabama,,2023-09-25,bronze,true,2023-09-25T00:00:00.000Z,2026-01-17T00:00:00.000Z
311893,Sara-ann,Pittwood,spittwood6w@homestead.com,677-229-1710,Denver,Colorado,2327,2025-01-25,bronze,false,2025-01-25T00:00:00.000Z,2026-03-04T00:00:00.000Z
312134,Schuyler,Bywater,sbywatera7@google.ca,952-618-3352,Los Angeles,California,4624,2024-07-04,gold,true,2024-07-04T00:00:00.000Z,2026-02-02T00:00:00.000Z
314680,Nicki,Le Claire,nleclaire4g@slashdot.org,282-122-2422,Chicago,Illinois,9113,2022-10-06,gold,true,2022-10-06T00:00:00.000Z,2026-02-19T00:00:00.000Z
314905,Maggi,Eite,meite10@alexa.com,155-205-0127,Buffalo,New York,,2023-04-04,platinum,true,2023-04-04T00:00:00.000Z,2026-04-02T00:00:00.000Z
322077,Lanae,Harragin,lharragin3d@webs.com,509-874-9354,Buffalo,New York,,2025-04-20,bronze,true,2025-04-20T00:00:00.000Z,2026-01-15T00:00:00.000Z
322418,Bili,Gilardoni,bgilardonict@ovh.net,370-654-0092,Buffalo,New York,,2022-01-25,platinum,true,2022-01-25T00:00:00.000Z,2026-02-13T00:00:00.000Z
323740,Abbe,Bidder,abiddercr@hexun.com,290-315-1527,Birmingham,Alabama,,2023-05-17,bronze,true,2023-05-17T00:00:00.000Z,2026-02-03T00:00:00.000Z
326160,Tris,Whitelaw,twhitelawa2@nbcnews.com,989-426-3184,Los Angeles,California,,2023-07-29,platinum,false,2023-07-29T00:00:00.000Z,2026-02-03T00:00:00.000Z
326438,Legra,Syde,lsydedu@blogger.com,582-701-0003,Denver,Colorado,8305,2023-10-13,platinum,true,2023-10-13T00:00:00.000Z,2026-01-16T00:00:00.000Z
327395,Killie,Brooks,kbrooks2c@reddit.com,773-484-5967,Birmingham,Alabama,73-231,2024-01-18,platinum,false,2024-01-18T00:00:00.000Z,2025-12-08T00:00:00.000Z
330208,Avis,Lilburn,alilburnbo@posterous.com,982-532-1135,Chicago,Illinois,,2023-04-17,gold,true,2023-04-17T00:00:00.000Z,2025-12-07T00:00:00.000Z
331498,Arlana,Ziemsen,aziemsenm@feedburner.com,237-893-3937,Los Angeles,California,,2023-11-20,platinum,true,2023-11-20T00:00:00.000Z,2026-01-14T00:00:00.000Z
335404,Ashbey,Drabble,adrabble21@macromedia.com,257-455-2991,Denver,Colorado,,2024-01-06,bronze,true,2024-01-06T00:00:00.000Z,2025-12-28T00:00:00.000Z
336116,Clarabelle,Murrish,cmurrish20@about.com,942-750-7402,Los Angeles,California,,2023-04-25,gold,true,2023-04-25T00:00:00.000Z,2026-02-27T00:00:00.000Z
336141,Archibold,Munnery,amunnery1x@bravesites.com,600-355-9135,Birmingham,Alabama,2380-638,2025-02-11,gold,true,2025-02-11T00:00:00.000Z,2026-01-06T00:00:00.000Z
337534,Tabor,Geely,tgeely1n@i2i.jp,487-464-2904,Birmingham,Alabama,,2024-08-27,platinum,false,2024-08-27T00:00:00.000Z,2026-01-10T00:00:00.000Z
337748,Fleming,Magrane,fmagrane9m@tiny.cc,359-246-8365,Buffalo,New York,,2022-06-17,bronze,true,2022-06-17T00:00:00.000Z,2026-01-20T00:00:00.000Z
337866,Max,Johann,mjohann1q@51.la,650-108-2918,Los Angeles,California,,2024-11-07,gold,false,2024-11-07T00:00:00.000Z,2025-12-23T00:00:00.000Z
340476,Darsey,Martinson,dmartinsond8@cocolog-nifty.com,871-821-4383,Buffalo,New York,27-552,2023-10-29,bronze,true,2023-10-29T00:00:00.000Z,2026-03-21T00:00:00.000Z
341276,Catriona,Kearey,ckearey3m@salon.com,815-456-4188,Chicago,Illinois,,2022-06-27,platinum,true,2022-06-27T00:00:00.000Z,2026-04-08T00:00:00.000Z
342622,Joshuah,Prewett,jprewettz@deliciousdays.com,553-382-1995,Chicago,Illinois,,2022-04-03,gold,true,2022-04-03T00:00:00.000Z,2025-12-27T00:00:00.000Z
344270,Jehu,Bryceson,jbryceson4t@free.fr,702-291-5684,Denver,Colorado,,2023-06-13,gold,true,2023-06-13T00:00:00.000Z,2026-04-18T00:00:00.000Z
345013,Lauretta,Darnell,ldarnell7p@wisc.edu,366-856-6365,Los Angeles,California,2902,2022-03-13,gold,true,2022-03-13T00:00:00.000Z,2026-01-02T00:00:00.000Z
347307,Rena,Prescott,rprescottcb@tripadvisor.com,450-663-7155,Denver,Colorado,,2023-05-25,gold,true,2023-05-25T00:00:00.000Z,2026-03-30T00:00:00.000Z
347652,Elias,Cowpe,ecowpe2f@sfgate.com,238-465-3285,Los Angeles,California,42020,2022-12-09,bronze,true,2022-12-09T00:00:00.000Z,2025-12-27T00:00:00.000Z
347679,Daisey,Sharrock,dsharrock0@state.tx.us,596-729-2999,Chicago,Illinois,38504 CEDEX,2022-05-21,platinum,true,2022-05-21T00:00:00.000Z,2026-01-30T00:00:00.000Z
348684,Blondelle,Myerscough,bmyerscough1t@tripadvisor.com,673-960-4049,Chicago,Illinois,,2024-11-20,silver,true,2024-11-20T00:00:00.000Z,2026-04-09T00:00:00.000Z
349031,Kain,Ege,kegex@hhs.gov,383-823-0489,Denver,Colorado,,2022-12-12,bronze,true,2022-12-12T00:00:00.000Z,2025-12-19T00:00:00.000Z
349059,Deloria,Delete,ddelete94@digg.com,926-825-8836,Denver,Colorado,,2022-02-03,platinum,true,2022-02-03T00:00:00.000Z,2025-12-31T00:00:00.000Z
350414,Myrtice,Brimilcome,mbrimilcome2y@bizjournals.com,364-504-4819,Buffalo,New York,,2025-02-06,platinum,true,2025-02-06T00:00:00.000Z,2026-04-25T00:00:00.000Z
354154,Emmalee,Siburn,esiburn15@marketwatch.com,154-221-8855,Buffalo,New York,9421,2024-09-09,bronze,false,2024-09-09T00:00:00.000Z,2026-02-27T00:00:00.000Z
355573,Dene,Coffey,dcoffey1d@boston.com,228-534-8193,Birmingham,Alabama,,2022-02-27,platinum,true,2022-02-27T00:00:00.000Z,2026-03-01T00:00:00.000Z
356973,Noelani,Patemore,npatemore1v@sciencedaily.com,995-330-4564,Los Angeles,California,51513,2023-05-01,bronze,true,2023-05-01T00:00:00.000Z,2026-01-01T00:00:00.000Z
357492,Corliss,Enric,cenric58@usnews.com,625-312-0655,Denver,Colorado,,2022-08-25,bronze,false,2022-08-25T00:00:00.000Z,2025-12-25T00:00:00.000Z
359748,Karlen,Levinge,klevinge2@tripadvisor.com,489-167-3615,Los Angeles,California,,2024-11-15,silver,false,2024-11-15T00:00:00.000Z,2026-02-13T00:00:00.000Z
360378,Sammie,Steedman,ssteedman4n@washingtonpost.com,833-355-5717,Los Angeles,California,,2023-10-13,silver,true,2023-10-13T00:00:00.000Z,2026-03-18T00:00:00.000Z
361604,Belva,Ishaki,bishaki91@woothemes.com,467-380-0491,Chicago,Illinois,905,2022-11-19,bronze,true,2022-11-19T00:00:00.000Z,2025-12-26T00:00:00.000Z
365286,Odell,Swatheridge,oswatheridge4z@hubpages.com,349-118-8114,Birmingham,Alabama,20-282,2024-11-13,platinum,true,2024-11-13T00:00:00.000Z,2026-05-01T00:00:00.000Z
367332,Vivienne,Poizer,vpoizer6l@gravatar.com,798-964-6870,Los Angeles,California,33614 CEDEX,2024-01-09,silver,true,2024-01-09T00:00:00.000Z,2025-12-11T00:00:00.000Z
370002,Paddy,Kardos,pkardos8c@1und1.de,278-243-6199,Chicago,Illinois,,2022-05-23,bronze,true,2022-05-23T00:00:00.000Z,2026-03-26T00:00:00.000Z
371291,Sylvester,Kluss,sklussat@de.vu,716-760-9989,Birmingham,Alabama,,2022-03-16,silver,true,2022-03-16T00:00:00.000Z,2026-02-27T00:00:00.000Z
373426,Maible,Peppin,mpeppin5n@narod.ru,379-827-8817,Denver,Colorado,,2022-10-11,bronze,true,2022-10-11T00:00:00.000Z,2026-04-05T00:00:00.000Z
376295,Brand,Castiblanco,bcastiblancoah@bloglovin.com,450-791-5819,Los Angeles,California,2435-553,2022-04-28,bronze,true,2022-04-28T00:00:00.000Z,2026-01-11T00:00:00.000Z
381417,Alia,McElhargy,amcelhargycu@dailymail.co.uk,838-959-9434,Los Angeles,California,,2022-07-09,bronze,true,2022-07-09T00:00:00.000Z,2026-03-12T00:00:00.000Z
384762,Orv,Petrou,opetrou1e@weibo.com,559-395-6803,Chicago,Illinois,366818,2023-04-08,bronze,true,2023-04-08T00:00:00.000Z,2026-03-09T00:00:00.000Z
386183,Lorilee,Maxworthy,lmaxworthycd@epa.gov,441-354-2521,Chicago,Illinois,,2023-05-11,silver,true,2023-05-11T00:00:00.000Z,2026-01-01T00:00:00.000Z
390580,Emery,Terry,eterrycn@home.pl,164-192-7158,Chicago,Illinois,,2022-06-25,gold,true,2022-06-25T00:00:00.000Z,2026-01-07T00:00:00.000Z
391340,Laurice,Drinkall,ldrinkallai@devhub.com,565-114-8021,Denver,Colorado,2495-555,2023-09-30,platinum,true,2023-09-30T00:00:00.000Z,2026-02-27T00:00:00.000Z
394455,Colman,Bracknall,cbracknalld9@booking.com,138-381-5805,Los Angeles,California,42-270,2023-03-29,silver,true,2023-03-29T00:00:00.000Z,2025-12-25T00:00:00.000Z
401017,Agnola,Micheli,amicheli3x@flavors.me,316-237-1586,Buffalo,New York,67236,2024-02-24,bronze,true,2024-02-24T00:00:00.000Z,2026-03-01T00:00:00.000Z
401624,Zacharie,Sheers,zsheers2e@economist.com,876-119-8042,Buffalo,New York,1621,2024-05-11,platinum,true,2024-05-11T00:00:00.000Z,2026-04-06T00:00:00.000Z
404502,Keefe,Sutcliffe,ksutcliffecz@godaddy.com,194-665-1997,Los Angeles,California,,2022-06-10,gold,true,2022-06-10T00:00:00.000Z,2026-02-14T00:00:00.000Z
406643,Louisette,Epperson,lepperson12@wordpress.org,655-930-8842,Denver,Colorado,,2022-09-07,gold,true,2022-09-07T00:00:00.000Z,2026-04-23T00:00:00.000Z
407014,Mercedes,Betke,mbetke28@whitehouse.gov,334-200-3808,Chicago,Illinois,,2022-08-09,silver,true,2022-08-09T00:00:00.000Z,2026-01-20T00:00:00.000Z
407747,Glenden,McClancy,gmcclancy37@dion.ne.jp,827-902-7250,Chicago,Illinois,,2023-10-18,platinum,false,2023-10-18T00:00:00.000Z,2026-01-15T00:00:00.000Z
409186,Tiffany,Lockyear,tlockyear5u@mtv.com,863-643-7871,Chicago,Illinois,K67,2024-05-02,bronze,true,2024-05-02T00:00:00.000Z,2026-03-01T00:00:00.000Z
412473,Dorrie,Robyns,drobyns54@wp.com,819-347-3169,Birmingham,Alabama,34934 CEDEX 9,2024-05-31,platinum,true,2024-05-31T00:00:00.000Z,2026-02-06T00:00:00.000Z
415466,Cissiee,Swaddle,cswaddled5@goo.gl,819-721-8951,Denver,Colorado,,2022-06-14,bronze,false,2022-06-14T00:00:00.000Z,2026-04-16T00:00:00.000Z
418479,Jelene,Dayley,jdayley9y@merriam-webster.com,741-555-9810,Denver,Colorado,,2024-10-21,platinum,false,2024-10-21T00:00:00.000Z,2026-01-22T00:00:00.000Z
419985,Genia,Belly,gbelly8u@icq.com,169-562-1553,Denver,Colorado,,2023-11-19,gold,true,2023-11-19T00:00:00.000Z,2026-04-08T00:00:00.000Z
420961,Lauren,Murison,lmurison7m@ebay.com,686-655-9510,Birmingham,Alabama,,2023-03-20,bronze,true,2023-03-20T00:00:00.000Z,2026-03-19T00:00:00.000Z
422480,Agustin,Adicot,aadicot2r@usatoday.com,766-683-0351,Birmingham,Alabama,397507,2023-02-07,bronze,true,2023-02-07T00:00:00.000Z,2025-12-24T00:00:00.000Z
426290,Minta,Horburgh,mhorburgh32@mayoclinic.com,716-786-5364,Chicago,Illinois,66-470,2023-09-24,silver,true,2023-09-24T00:00:00.000Z,2026-04-25T00:00:00.000Z
427781,Trixy,Lorentz,tlorentz8r@meetup.com,611-340-9367,Chicago,Illinois,,2023-09-24,platinum,true,2023-09-24T00:00:00.000Z,2026-02-25T00:00:00.000Z
429882,Georas,Celloni,gcelloni8t@addthis.com,127-304-8441,Los Angeles,California,,2022-09-16,silver,true,2022-09-16T00:00:00.000Z,2026-03-21T00:00:00.000Z
430010,Aldon,Rainger,arainger4i@google.ca,983-687-8746,Los Angeles,California,,2024-05-09,bronze,true,2024-05-09T00:00:00.000Z,2026-01-22T00:00:00.000Z
430581,Sabina,Langelay,slangelaydg@printfriendly.com,330-532-2314,Birmingham,Alabama,,2024-07-28,bronze,true,2024-07-28T00:00:00.000Z,2026-05-04T00:00:00.000Z
430611,Merry,Copeman,mcopemancj@arstechnica.com,773-566-6394,Buffalo,New York,839-1407,2024-03-02,gold,true,2024-03-02T00:00:00.000Z,2025-12-21T00:00:00.000Z
431850,Consalve,Klink,cklink69@unblog.fr,344-127-9614,Chicago,Illinois,,2022-11-28,platinum,true,2022-11-28T00:00:00.000Z,2026-03-08T00:00:00.000Z
432367,Edythe,Loudiane,eloudiane50@yandex.ru,384-763-3810,Chicago,Illinois,32-825,2024-08-06,bronze,true,2024-08-06T00:00:00.000Z,2025-12-29T00:00:00.000Z
433615,Elva,Cousen,ecousen4r@1688.com,363-794-6198,Buffalo,New York,59500-000,2024-11-04,bronze,false,2024-11-04T00:00:00.000Z,2026-02-25T00:00:00.000Z
435764,Laird,Mechem,lmechema8@omniture.com,853-918-9240,Denver,Colorado,349-1148,2024-08-07,gold,true,2024-08-07T00:00:00.000Z,2026-04-06T00:00:00.000Z
436591,Tabitha,Avon,tavon86@goo.ne.jp,196-812-0710,Birmingham,Alabama,,2022-08-13,bronze,true,2022-08-13T00:00:00.000Z,2026-04-16T00:00:00.000Z
436599,Anatol,Russe,arusse72@skype.com,842-243-9540,Birmingham,Alabama,,2023-07-25,bronze,false,2023-07-25T00:00:00.000Z,2026-02-03T00:00:00.000Z
440652,Franky,Tow,ftow1m@fema.gov,861-304-6290,Denver,Colorado,157460,2022-06-08,bronze,true,2022-06-08T00:00:00.000Z,2026-04-01T00:00:00.000Z
443837,Sherman,Midgley,smidgleybj@sciencedaily.com,890-444-7465,Chicago,Illinois,142139,2024-03-13,platinum,true,2024-03-13T00:00:00.000Z,2025-12-12T00:00:00.000Z
445701,Nichol,McRavey,nmcraveydq@indiatimes.com,267-505-7450,Birmingham,Alabama,,2023-04-09,bronze,false,2023-04-09T00:00:00.000Z,2025-12-18T00:00:00.000Z
447081,Lawry,Fardy,lfardy92@wisc.edu,418-306-1807,Buffalo,New York,,2023-09-06,gold,true,2023-09-06T00:00:00.000Z,2026-01-13T00:00:00.000Z
448180,Hansiain,Keyes,hkeyes1j@nih.gov,997-450-0494,Chicago,Illinois,7409,2024-05-11,gold,false,2024-05-11T00:00:00.000Z,2026-01-08T00:00:00.000Z
449499,Alina,Lawford,alawford2t@europa.eu,848-754-9652,Buffalo,New York,627603,2025-01-17,platinum,true,2025-01-17T00:00:00.000Z,2026-02-23T00:00:00.000Z
449886,Emmit,Lumber,elumberb7@wunderground.com,285-511-2274,Denver,Colorado,,2024-08-13,platinum,true,2024-08-13T00:00:00.000Z,2026-03-26T00:00:00.000Z
452252,Buddy,North,bnorthk@blogtalkradio.com,281-144-9651,Chicago,Illinois,56200-000,2024-05-09,gold,true,2024-05-09T00:00:00.000Z,2026-04-24T00:00:00.000Z
455039,Thaine,Batchelor,tbatchelor38@forbes.com,562-737-1953,Buffalo,New York,442009,2024-05-09,gold,true,2024-05-09T00:00:00.000Z,2026-02-18T00:00:00.000Z
456899,Beatrix,Crowley,bcrowley3q@hubpages.com,608-520-6798,Birmingham,Alabama,4503,2023-09-23,silver,true,2023-09-23T00:00:00.000Z,2026-02-14T00:00:00.000Z
459097,Ugo,Bodsworth,ubodsworth4o@salon.com,863-304-8093,Denver,Colorado,,2022-06-19,platinum,true,2022-06-19T00:00:00.000Z,2026-02-16T00:00:00.000Z
465119,Lolita,Charter,lcharter7b@tiny.cc,268-892-9725,Denver,Colorado,1200,2022-05-17,bronze,true,2022-05-17T00:00:00.000Z,2025-12-20T00:00:00.000Z
465586,Alene,Hamprecht,ahamprecht6c@usa.gov,750-537-1527,Denver,Colorado,601380,2022-09-17,bronze,false,2022-09-17T00:00:00.000Z,2026-04-05T00:00:00.000Z
465771,Fianna,Dulanty,fdulanty31@dropbox.com,765-750-9437,Birmingham,Alabama,,2024-04-26,platinum,false,2024-04-26T00:00:00.000Z,2026-04-03T00:00:00.000Z
467124,Olav,Soutar,osoutar1a@wix.com,154-145-5095,Buffalo,New York,97615,2022-02-12,silver,true,2022-02-12T00:00:00.000Z,2025-12-04T00:00:00.000Z
467914,Fredrick,Tuttle,ftuttleck@biglobe.ne.jp,918-341-6786,Los Angeles,California,6328,2022-12-05,platinum,true,2022-12-05T00:00:00.000Z,2026-01-29T00:00:00.000Z
468153,Thom,Gowans,tgowans2a@wikia.com,934-873-9871,Los Angeles,California,,2024-07-31,platinum,false,2024-07-31T00:00:00.000Z,2025-12-17T00:00:00.000Z
468911,Forester,Greguol,fgreguolbm@pagesperso-orange.fr,767-245-8804,Denver,Colorado,,2022-08-08,gold,true,2022-08-08T00:00:00.000Z,2026-03-09T00:00:00.000Z
471211,Estrella,Keetch,ekeetch3a@home.pl,640-455-8278,Denver,Colorado,,2024-01-28,platinum,true,2024-01-28T00:00:00.000Z,2026-04-22T00:00:00.000Z
471892,Dewain,Wippermann,dwippermann6n@zimbio.com,640-260-0145,Birmingham,Alabama,,2023-02-16,platinum,true,2023-02-16T00:00:00.000Z,2025-12-13T00:00:00.000Z
474877,Bartie,Eastes,beastes5s@cornell.edu,422-240-2542,Denver,Colorado,99-150,2024-09-08,bronze,true,2024-09-08T00:00:00.000Z,2026-01-02T00:00:00.000Z
479543,Cher,Forty,cforty5p@forbes.com,599-754-5935,Chicago,Illinois,,2023-05-29,platinum,false,2023-05-29T00:00:00.000Z,2026-01-25T00:00:00.000Z
480979,Catlaina,Josephoff,cjosephoff6i@fotki.com,994-560-8673,Birmingham,Alabama,382 43,2025-04-18,silver,true,2025-04-18T00:00:00.000Z,2026-02-19T00:00:00.000Z
481214,Godard,Wealthall,gwealthall1i@gmpg.org,713-747-1384,Birmingham,Alabama,,2023-07-22,silver,false,2023-07-22T00:00:00.000Z,2026-04-01T00:00:00.000Z
482705,Cyrillus,Rickersey,crickersey7u@last.fm,917-214-8357,Los Angeles,California,,2024-04-14,gold,false,2024-04-14T00:00:00.000Z,2026-04-15T00:00:00.000Z
484813,Judd,Bemwell,jbemwell76@hubpages.com,174-341-2430,Denver,Colorado,463 46,2024-01-31,gold,true,2024-01-31T00:00:00.000Z,2026-03-03T00:00:00.000Z
489821,Johnna,Olivier,jolivierak@typepad.com,683-207-0136,Chicago,Illinois,,2023-12-28,bronze,false,2023-12-28T00:00:00.000Z,2026-02-16T00:00:00.000Z
491866,Philippe,Lewerenz,plewerenzan@privacy.gov.au,767-781-7459,Denver,Colorado,,2024-10-09,gold,false,2024-10-09T00:00:00.000Z,2026-04-12T00:00:00.000Z
494478,Nicko,Getsham,ngetsham3r@dropbox.com,915-565-8305,Chicago,Illinois,92622 CEDEX,2023-01-05,silver,true,2023-01-05T00:00:00.000Z,2026-03-25T00:00:00.000Z
496531,Ignatius,Matten,imatten8d@prweb.com,190-404-9081,Buffalo,New York,9630-045,2023-11-04,gold,false,2023-11-04T00:00:00.000Z,2026-03-10T00:00:00.000Z
502170,Rodrigo,Faye,rfayeba@rakuten.co.jp,511-532-3928,Buffalo,New York,3700-364,2023-01-03,platinum,true,2023-01-03T00:00:00.000Z,2026-04-30T00:00:00.000Z
507654,Raddy,Bendelow,rbendelowcm@dedecms.com,485-919-8543,Birmingham,Alabama,,2024-01-04,platinum,true,2024-01-04T00:00:00.000Z,2026-01-05T00:00:00.000Z
508183,Emilia,Giordano,egiordanoj@netlog.com,834-668-8564,Birmingham,Alabama,,2023-08-30,platinum,false,2023-08-30T00:00:00.000Z,2026-04-06T00:00:00.000Z
509426,Arch,Speechly,aspeechlye@newyorker.com,448-706-5345,Birmingham,Alabama,,2024-12-13,silver,true,2024-12-13T00:00:00.000Z,2026-01-20T00:00:00.000Z
510021,Augy,Cano,acano3i@amazon.de,160-396-1207,Buffalo,New York,,2022-12-06,bronze,true,2022-12-06T00:00:00.000Z,2025-11-30T00:00:00.000Z
510124,Fredelia,Gyngyll,fgyngyll3f@paypal.com,676-141-9868,Denver,Colorado,63600,2022-10-27,platinum,false,2022-10-27T00:00:00.000Z,2026-04-30T00:00:00.000Z
513334,Kara-lynn,Feben,kfeben3u@is.gd,733-128-7291,Denver,Colorado,,2023-09-20,silver,true,2023-09-20T00:00:00.000Z,2026-04-24T00:00:00.000Z
516765,Ryun,Mayor,rmayor8k@shop-pro.jp,222-383-4485,Denver,Colorado,4970-434,2022-11-18,silver,true,2022-11-18T00:00:00.000Z,2026-04-06T00:00:00.000Z
516829,Carley,Blasl,cblasl8h@bigcartel.com,251-585-0763,Chicago,Illinois,,2022-05-02,silver,true,2022-05-02T00:00:00.000Z,2026-02-15T00:00:00.000Z
523054,Briant,Osgar,bosgarv@cam.ac.uk,160-276-8429,Buffalo,New York,,2023-01-29,silver,true,2023-01-29T00:00:00.000Z,2026-04-02T00:00:00.000Z
524502,Gussy,Glossop,gglossopaw@jugem.jp,801-243-7908,Los Angeles,California,1107,2024-11-17,bronze,true,2024-11-17T00:00:00.000Z,2026-04-05T00:00:00.000Z
525681,Dorelle,Carpenter,dcarpenter4w@csmonitor.com,525-760-1419,Buffalo,New York,,2022-05-28,gold,true,2022-05-28T00:00:00.000Z,2026-05-06T00:00:00.000Z
525871,Wandis,Bourley,wbourley7l@scribd.com,470-930-3550,Denver,Colorado,2740-010,2024-02-19,bronze,true,2024-02-19T00:00:00.000Z,2026-01-13T00:00:00.000Z
526227,Reinhold,Hutchinson,rhutchinson53@php.net,493-388-1796,Denver,Colorado,4775-195,2022-04-26,silver,true,2022-04-26T00:00:00.000Z,2026-01-03T00:00:00.000Z
528979,Carena,McKeever,cmckeever9t@pcworld.com,410-200-2961,Denver,Colorado,,2023-04-09,platinum,true,2023-04-09T00:00:00.000Z,2026-02-11T00:00:00.000Z
529039,Hynda,Apted,haptedbe@so-net.ne.jp,849-435-9452,Chicago,Illinois,,2024-08-29,bronze,true,2024-08-29T00:00:00.000Z,2026-01-20T00:00:00.000Z
534096,Barbi,Kepling,bkepling29@chron.com,257-502-8034,Buffalo,New York,777 82,2023-02-03,silver,true,2023-02-03T00:00:00.000Z,2026-04-27T00:00:00.000Z
534304,Flin,Langstone,flangstoneas@abc.net.au,366-579-5763,Denver,Colorado,55000,2023-07-11,gold,true,2023-07-11T00:00:00.000Z,2026-03-25T00:00:00.000Z
534503,Cly,Caldicott,ccaldicottw@imdb.com,353-501-6236,Los Angeles,California,154617,2024-06-24,gold,false,2024-06-24T00:00:00.000Z,2026-03-13T00:00:00.000Z
536172,Lazar,Clemits,lclemitsda@bigcartel.com,885-520-2171,Denver,Colorado,,2024-05-17,platinum,true,2024-05-17T00:00:00.000Z,2026-02-04T00:00:00.000Z
537713,Farleigh,Sego,fsegoc1@ocn.ne.jp,803-936-3736,Denver,Colorado,20668,2022-10-18,silver,false,2022-10-18T00:00:00.000Z,2026-03-19T00:00:00.000Z
539022,Janith,Allsobrook,jallsobrooku@digg.com,245-206-5431,Chicago,Illinois,8014,2023-07-24,silver,true,2023-07-24T00:00:00.000Z,2026-04-01T00:00:00.000Z
540659,Alexandrina,Terzo,aterzo4y@dion.ne.jp,242-595-3818,Denver,Colorado,,2024-05-23,silver,true,2024-05-23T00:00:00.000Z,2026-04-19T00:00:00.000Z
542308,Teador,MacNeish,tmacneishaa@w3.org,839-683-4795,Chicago,Illinois,,2023-11-17,gold,false,2023-11-17T00:00:00.000Z,2026-04-20T00:00:00.000Z
545078,Luz,Whitney,lwhitney3l@addthis.com,320-144-5691,Birmingham,Alabama,,2022-11-28,bronze,true,2022-11-28T00:00:00.000Z,2025-12-16T00:00:00.000Z
546205,Egon,Rittmeier,erittmeier8e@intel.com,844-832-5192,Los Angeles,California,,2024-06-13,silver,true,2024-06-13T00:00:00.000Z,2026-02-03T00:00:00.000Z
546515,Thomasa,Cheley,tcheley22@narod.ru,190-146-3181,Birmingham,Alabama,1123,2025-03-28,gold,false,2025-03-28T00:00:00.000Z,2026-02-28T00:00:00.000Z
546552,Caressa,Lightwing,clightwingf@smugmug.com,706-887-7559,Chicago,Illinois,3700-732,2023-12-16,platinum,false,2023-12-16T00:00:00.000Z,2026-04-01T00:00:00.000Z
553155,Dottie,Marven,dmarven3j@statcounter.com,337-165-8211,Los Angeles,California,,2022-02-19,bronze,true,2022-02-19T00:00:00.000Z,2025-12-03T00:00:00.000Z
557509,Raddie,Seeviour,rseeviour9f@unblog.fr,967-165-4788,Birmingham,Alabama,,2024-02-08,platinum,true,2024-02-08T00:00:00.000Z,2025-12-03T00:00:00.000Z
557587,Basilius,Shovelton,bshovelton5x@foxnews.com,274-153-5493,Denver,Colorado,,2023-12-24,platinum,true,2023-12-24T00:00:00.000Z,2025-12-12T00:00:00.000Z
560232,Amery,Ogelbe,aogelbe24@amazon.co.jp,254-663-2524,Buffalo,New York,988-0607,2024-04-29,platinum,true,2024-04-29T00:00:00.000Z,2025-12-23T00:00:00.000Z
564215,Nicolas,Roizn,nroiznbr@geocities.com,398-353-5223,Denver,Colorado,,2024-11-04,gold,false,2024-11-04T00:00:00.000Z,2026-04-18T00:00:00.000Z
566713,Marlyn,Schuler,mschuler5l@theatlantic.com,870-432-9420,Buffalo,New York,,2024-01-21,gold,true,2024-01-21T00:00:00.000Z,2026-01-29T00:00:00.000Z
567601,Sheff,Karlowicz,skarlowicz3p@ox.ac.uk,162-167-3260,Denver,Colorado,2515,2024-02-08,silver,true,2024-02-08T00:00:00.000Z,2025-12-01T00:00:00.000Z
569391,Thane,Faldoe,tfaldoe6o@vkontakte.ru,783-961-8782,Chicago,Illinois,97-217,2024-06-16,silver,true,2024-06-16T00:00:00.000Z,2026-01-16T00:00:00.000Z
571630,Berty,Pouton,bpoutonc5@disqus.com,561-981-0068,Los Angeles,California,,2022-01-26,gold,true,2022-01-26T00:00:00.000Z,2026-02-18T00:00:00.000Z
572527,Ripley,Ealden,realden6e@tumblr.com,428-689-7442,Chicago,Illinois,,2022-07-28,platinum,true,2022-07-28T00:00:00.000Z,2026-04-26T00:00:00.000Z
580057,Elwood,Lever,elever18@imdb.com,405-887-3448,Birmingham,Alabama,733517,2025-03-03,gold,true,2025-03-03T00:00:00.000Z,2025-12-18T00:00:00.000Z
580125,Crystie,Gooding,cgoodings@shareasale.com,906-250-2137,Denver,Colorado,,2022-06-16,gold,true,2022-06-16T00:00:00.000Z,2026-04-29T00:00:00.000Z
581130,Hersch,Eldredge,heldredge5w@xinhuanet.com,402-531-3228,Los Angeles,California,68164,2025-01-21,silver,true,2025-01-21T00:00:00.000Z,2026-02-08T00:00:00.000Z
581284,Isidoro,Duffill,iduffill5a@unesco.org,141-577-4729,Chicago,Illinois,87390-000,2024-04-19,silver,true,2024-04-19T00:00:00.000Z,2025-12-21T00:00:00.000Z
581930,Mair,Schindler,mschindler6r@accuweather.com,636-624-8294,Denver,Colorado,38009 CEDEX 1,2022-10-23,gold,false,2022-10-23T00:00:00.000Z,2026-03-15T00:00:00.000Z
582517,Winonah,De Paoli,wdepaoli5m@github.io,113-718-3558,Los Angeles,California,30270,2024-03-12,gold,true,2024-03-12T00:00:00.000Z,2026-03-31T00:00:00.000Z
583672,Agustin,Aicken,aaickenag@bizjournals.com,205-828-8979,Buffalo,New York,,2024-08-13,silver,true,2024-08-13T00:00:00.000Z,2026-03-09T00:00:00.000Z
584047,Hunter,Krol,hkrol95@omniture.com,995-442-1182,Birmingham,Alabama,,2023-11-17,platinum,true,2023-11-17T00:00:00.000Z,2026-04-10T00:00:00.000Z
584288,Honoria,Collidge,hcollidgedv@cyberchimps.com,825-651-8387,Birmingham,Alabama,,2024-08-15,gold,true,2024-08-15T00:00:00.000Z,2026-01-20T00:00:00.000Z
584654,Andrea,Normabell,anormabell39@who.int,736-758-7689,Los Angeles,California,,2022-12-22,silver,true,2022-12-22T00:00:00.000Z,2026-04-18T00:00:00.000Z
584984,Paxton,Seggie,pseggie80@aboutads.info,958-593-7458,Denver,Colorado,,2024-03-09,platinum,true,2024-03-09T00:00:00.000Z,2026-01-24T00:00:00.000Z
587005,Gabie,Wasson,gwassonc@nifty.com,254-437-4819,Los Angeles,California,,2024-02-11,platinum,true,2024-02-11T00:00:00.000Z,2026-04-13T00:00:00.000Z
587997,Spencer,Crowden,scrowden6b@whitehouse.gov,774-936-5505,Los Angeles,California,142817,2022-11-05,gold,true,2022-11-05T00:00:00.000Z,2026-01-15T00:00:00.000Z
590527,Nannette,Haggerwood,nhaggerwood1y@unc.edu,263-329-5267,Chicago,Illinois,,2024-07-06,gold,true,2024-07-06T00:00:00.000Z,2026-02-26T00:00:00.000Z
591342,Deirdre,Radloff,dradloff27@usatoday.com,835-792-9791,Birmingham,Alabama,L-9696,2022-04-25,bronze,true,2022-04-25T00:00:00.000Z,2026-02-17T00:00:00.000Z
591461,Davey,Syres,dsyresbt@hubpages.com,187-502-5766,Chicago,Illinois,391448,2022-02-06,gold,true,2022-02-06T00:00:00.000Z,2026-04-18T00:00:00.000Z
593863,Maryanne,Wythill,mwythillbk@sbwire.com,648-897-4571,Buffalo,New York,4234,2022-07-09,gold,true,2022-07-09T00:00:00.000Z,2026-02-13T00:00:00.000Z
593929,Christopher,Cicchinelli,ccicchinelli8a@sourceforge.net,939-141-7702,Denver,Colorado,1358,2024-05-17,bronze,true,2024-05-17T00:00:00.000Z,2026-02-26T00:00:00.000Z
596243,Kristal,Jeffcock,kjeffcockdt@weibo.com,372-744-4649,Los Angeles,California,4234,2024-10-04,platinum,true,2024-10-04T00:00:00.000Z,2026-05-05T00:00:00.000Z
598326,Richart,MacGillacolm,rmacgillacolm87@topsy.com,374-354-8123,Chicago,Illinois,251837,2023-04-12,bronze,true,2023-04-12T00:00:00.000Z,2025-12-08T00:00:00.000Z
598987,Grenville,Gorner,ggorner5t@msn.com,965-369-3521,Birmingham,Alabama,,2024-05-17,gold,true,2024-05-17T00:00:00.000Z,2026-03-12T00:00:00.000Z
599711,Deva,Jacquemy,djacquemy2d@sogou.com,403-132-3881,Chicago,Illinois,2713,2024-03-03,gold,false,2024-03-03T00:00:00.000Z,2026-04-01T00:00:00.000Z
599949,Odelle,Fahrenbach,ofahrenbachay@gnu.org,916-404-1772,Birmingham,Alabama,,2022-12-09,bronze,true,2022-12-09T00:00:00.000Z,2026-01-28T00:00:00.000Z
600488,Gay,Covelle,gcovelle8f@psu.edu,310-380-5024,Denver,Colorado,,2024-10-14,silver,true,2024-10-14T00:00:00.000Z,2026-03-22T00:00:00.000Z
601808,Quintana,Delyth,qdelyth7h@vk.com,352-835-8269,Birmingham,Alabama,33-321,2022-01-07,silver,true,2022-01-07T00:00:00.000Z,2026-05-05T00:00:00.000Z
602217,Genna,Schneidar,gschneidar64@delicious.com,911-906-9293,Chicago,Illinois,,2022-09-22,bronze,true,2022-09-22T00:00:00.000Z,2026-02-01T00:00:00.000Z
605615,Grange,Scullin,gscullin9z@dion.ne.jp,996-978-2462,Birmingham,Alabama,,2025-03-06,gold,false,2025-03-06T00:00:00.000Z,2025-12-17T00:00:00.000Z
605936,Barnett,Gravenell,bgravenell73@bbc.co.uk,845-550-5833,Chicago,Illinois,,2023-12-06,bronze,true,2023-12-06T00:00:00.000Z,2026-01-29T00:00:00.000Z
606909,Alon,Weiser,aweiser3b@jalbum.net,713-339-1359,Birmingham,Alabama,,2022-06-25,platinum,true,2022-06-25T00:00:00.000Z,2026-04-04T00:00:00.000Z
608404,Kassey,Benet,kbenet77@engadget.com,433-883-6609,Birmingham,Alabama,34-145,2023-04-12,platinum,true,2023-04-12T00:00:00.000Z,2026-02-15T00:00:00.000Z
610915,Scarlett,Kmieciak,skmieciak99@macromedia.com,621-770-4085,Denver,Colorado,686 05,2023-04-14,gold,false,2023-04-14T00:00:00.000Z,2026-05-02T00:00:00.000Z
611395,Tansy,Jickells,tjickells9n@google.co.jp,826-250-3820,Los Angeles,California,L-3755,2022-05-14,bronze,true,2022-05-14T00:00:00.000Z,2026-01-23T00:00:00.000Z
611914,Shayne,Vanichkin,svanichkin6h@bandcamp.com,257-307-4440,Denver,Colorado,,2023-03-16,gold,true,2023-03-16T00:00:00.000Z,2026-02-16T00:00:00.000Z
613964,Thatcher,Dack,tdack67@wikia.com,608-947-0786,Denver,Colorado,,2023-11-12,platinum,false,2023-11-12T00:00:00.000Z,2026-01-12T00:00:00.000Z
619206,Boyce,Mahoney,bmahoney8w@google.co.uk,480-201-8444,Chicago,Illinois,68020 CEDEX,2024-07-04,bronze,true,2024-07-04T00:00:00.000Z,2026-04-24T00:00:00.000Z
622699,Garvy,Crittal,gcrittal2p@prlog.org,893-707-6307,Los Angeles,California,,2024-01-07,silver,false,2024-01-07T00:00:00.000Z,2026-05-04T00:00:00.000Z
622962,Walt,Bengefield,wbengefield8n@prnewswire.com,533-367-3175,Buffalo,New York,AB55,2022-02-28,bronze,true,2022-02-28T00:00:00.000Z,2025-12-07T00:00:00.000Z
623611,Arlen,McPhilip,amcphilipcq@seattletimes.com,224-865-4428,Denver,Colorado,,2023-11-30,gold,false,2023-11-30T00:00:00.000Z,2026-03-20T00:00:00.000Z
626111,Hunfredo,Broadbear,hbroadbear5k@sciencedirect.com,216-661-6539,Chicago,Illinois,,2023-07-31,gold,false,2023-07-31T00:00:00.000Z,2025-12-30T00:00:00.000Z
626131,Jeno,Latch,jlatchd7@about.me,696-144-6173,Chicago,Illinois,12103,2022-11-11,platinum,true,2022-11-11T00:00:00.000Z,2026-01-06T00:00:00.000Z
626337,Lurlene,Tearney,ltearneycv@blogger.com,559-790-7426,Denver,Colorado,82301,2023-06-18,silver,true,2023-06-18T00:00:00.000Z,2026-04-28T00:00:00.000Z
626365,Myrvyn,Addicott,maddicott4c@biglobe.ne.jp,344-640-0521,Buffalo,New York,34940 CEDEX 9,2024-07-09,silver,false,2024-07-09T00:00:00.000Z,2026-02-26T00:00:00.000Z
627513,Carmine,Domokos,cdomokosdr@spotify.com,698-611-2054,Chicago,Illinois,,2024-06-01,gold,true,2024-06-01T00:00:00.000Z,2025-12-17T00:00:00.000Z
627600,Nicola,Muffen,nmuffen9a@dion.ne.jp,755-540-9630,Birmingham,Alabama,,2023-02-10,platinum,true,2023-02-10T00:00:00.000Z,2026-01-23T00:00:00.000Z
628290,Miguela,Rowbury,mrowbury9w@jiathis.com,546-148-3134,Buffalo,New York,,2022-03-09,bronze,true,2022-03-09T00:00:00.000Z,2025-12-24T00:00:00.000Z
628828,Hardy,Kohring,hkohringt@canalblog.com,761-409-2818,Birmingham,Alabama,,2022-12-04,platinum,true,2022-12-04T00:00:00.000Z,2026-03-27T00:00:00.000Z
630923,Arvie,Murrthum,amurrthum7c@google.pl,555-755-6572,Birmingham,Alabama,,2023-02-09,gold,true,2023-02-09T00:00:00.000Z,2026-01-21T00:00:00.000Z
633983,Cazzie,Mutter,cmutter7g@studiopress.com,758-791-5151,Denver,Colorado,,2024-09-19,bronze,true,2024-09-19T00:00:00.000Z,2026-03-15T00:00:00.000Z
636078,Darryl,Manueau,dmanueaucg@nationalgeographic.com,226-276-3488,Denver,Colorado,,2023-04-02,bronze,false,2023-04-02T00:00:00.000Z,2026-02-23T00:00:00.000Z
637615,Jocelyn,Summerskill,jsummerskill5g@sphinn.com,814-967-1307,Buffalo,New York,13841 CEDEX,2025-01-02,silver,false,2025-01-02T00:00:00.000Z,2026-04-27T00:00:00.000Z
637916,Alvera,Overil,aoveril9x@multiply.com,152-125-4501,Los Angeles,California,,2022-08-24,platinum,true,2022-08-24T00:00:00.000Z,2026-04-23T00:00:00.000Z
638028,Friederike,Spittall,fspittall7t@parallels.com,391-666-6397,Buffalo,New York,,2023-06-15,platinum,true,2023-06-15T00:00:00.000Z,2026-01-09T00:00:00.000Z
639970,Reidar,Corroyer,rcorroyerbl@yolasite.com,845-810-7442,Los Angeles,California,323-0805,2022-01-14,silver,false,2022-01-14T00:00:00.000Z,2025-12-15T00:00:00.000Z
640178,Kelby,Georgot,kgeorgot7s@mozilla.com,183-535-7768,Chicago,Illinois,628250,2024-04-03,gold,true,2024-04-03T00:00:00.000Z,2026-02-19T00:00:00.000Z
641646,Hansiain,Chazelle,hchazelle5b@nps.gov,837-839-2887,Buffalo,New York,512 63,2022-06-21,bronze,true,2022-06-21T00:00:00.000Z,2026-01-22T00:00:00.000Z
642215,Dallas,Tunnacliffe,dtunnacliffe23@npr.org,549-223-8047,Chicago,Illinois,,2023-06-06,gold,true,2023-06-06T00:00:00.000Z,2026-02-27T00:00:00.000Z
642348,Aida,Bernon,abernon6d@tinypic.com,673-491-1918,Birmingham,Alabama,353480,2023-04-10,silver,true,2023-04-10T00:00:00.000Z,2026-02-11T00:00:00.000Z
645878,Alvin,Ochiltree,aochiltreec6@plala.or.jp,310-714-5552,Denver,Colorado,346530,2022-04-20,bronze,true,2022-04-20T00:00:00.000Z,2026-03-19T00:00:00.000Z
645927,Dermot,Warret,dwarret65@howstuffworks.com,359-918-7812,Buffalo,New York,,2024-11-23,gold,true,2024-11-23T00:00:00.000Z,2026-03-10T00:00:00.000Z
649897,Trixie,Bettridge,tbettridge3n@uol.com.br,360-849-1666,Buffalo,New York,,2023-03-31,gold,true,2023-03-31T00:00:00.000Z,2026-01-17T00:00:00.000Z
651431,Claudelle,Brougham,cbroughamd0@sbwire.com,905-495-2673,Denver,Colorado,,2022-02-14,platinum,false,2022-02-14T00:00:00.000Z,2026-01-06T00:00:00.000Z
652204,Egon,Borless,eborless44@163.com,544-220-7955,Denver,Colorado,,2024-06-22,platinum,true,2024-06-22T00:00:00.000Z,2026-01-28T00:00:00.000Z
658856,Nataniel,Scotson,nscotsonbu@msu.edu,892-822-2609,Buffalo,New York,,2023-01-30,gold,false,2023-01-30T00:00:00.000Z,2026-01-18T00:00:00.000Z
658937,Prudy,Bourgourd,pbourgourd6v@123-reg.co.uk,182-128-2845,Los Angeles,California,,2023-08-07,bronze,true,2023-08-07T00:00:00.000Z,2026-03-12T00:00:00.000Z
661548,Vite,Brock,vbrock4e@bbc.co.uk,208-274-5885,Denver,Colorado,83732,2022-04-09,bronze,true,2022-04-09T00:00:00.000Z,2025-11-30T00:00:00.000Z
663008,Sylas,McCrory,smccrory70@ibm.com,953-336-8525,Los Angeles,California,319-1417,2022-12-23,silver,true,2022-12-23T00:00:00.000Z,2026-04-09T00:00:00.000Z
663103,Georgie,Quantick,gquantick1k@jigsy.com,359-186-6187,Buffalo,New York,11750-000,2023-07-10,gold,true,2023-07-10T00:00:00.000Z,2026-03-13T00:00:00.000Z
664957,Coleen,Agar,cagar3c@ameblo.jp,777-685-2954,Chicago,Illinois,3400-696,2022-04-25,bronze,true,2022-04-25T00:00:00.000Z,2026-03-04T00:00:00.000Z
665117,Herrick,Cavilla,hcavilla5v@printfriendly.com,433-661-4209,Buffalo,New York,,2023-05-21,bronze,true,2023-05-21T00:00:00.000Z,2026-02-21T00:00:00.000Z
665696,Whit,Hazeldene,whazeldenear@shinystat.com,263-154-0815,Los Angeles,California,84913 CEDEX 9,2024-06-18,bronze,true,2024-06-18T00:00:00.000Z,2026-04-24T00:00:00.000Z
666501,Saba,Lovell,slovellb3@dailymotion.com,540-428-2168,Birmingham,Alabama,,2024-08-13,platinum,true,2024-08-13T00:00:00.000Z,2026-04-07T00:00:00.000Z
667827,Enrika,Cavendish,ecavendisha@yelp.com,824-954-6381,Chicago,Illinois,52215,2024-02-07,gold,true,2024-02-07T00:00:00.000Z,2026-04-12T00:00:00.000Z
667892,Amalia,Managh,amanagh96@rediff.com,605-915-0686,Chicago,Illinois,,2022-11-05,bronze,true,2022-11-05T00:00:00.000Z,2025-12-12T00:00:00.000Z
668936,Kimball,Bremley,kbremleycs@w3.org,621-393-9961,Chicago,Illinois,,2023-12-03,platinum,true,2023-12-03T00:00:00.000Z,2025-12-25T00:00:00.000Z
671604,Klarrisa,Dyhouse,kdyhouse2h@netlog.com,746-304-5162,Birmingham,Alabama,134548,2024-11-06,gold,true,2024-11-06T00:00:00.000Z,2026-04-12T00:00:00.000Z
671623,Marita,Crowcher,mcrowcher4f@nba.com,243-926-9724,Birmingham,Alabama,,2023-01-20,silver,true,2023-01-20T00:00:00.000Z,2026-02-10T00:00:00.000Z
671944,Ginevra,Guilbert,gguilbert41@icio.us,152-869-8695,Chicago,Illinois,,2025-01-17,bronze,true,2025-01-17T00:00:00.000Z,2026-01-18T00:00:00.000Z
674010,Jody,Friatt,jfriatta9@yahoo.com,539-778-5421,Birmingham,Alabama,,2024-01-13,bronze,true,2024-01-13T00:00:00.000Z,2026-01-06T00:00:00.000Z
674892,Abby,Scrivinor,ascrivinordi@e-recht24.de,991-702-1713,Buffalo,New York,,2025-01-26,gold,true,2025-01-26T00:00:00.000Z,2026-02-22T00:00:00.000Z
675383,Starlin,Winny,swinny5o@google.com.br,700-415-5395,Birmingham,Alabama,66-635,2024-10-12,bronze,false,2024-10-12T00:00:00.000Z,2026-02-14T00:00:00.000Z
675819,Cornie,Newberry,cnewberry1w@goodreads.com,789-620-1116,Denver,Colorado,,2022-09-09,platinum,true,2022-09-09T00:00:00.000Z,2025-12-04T00:00:00.000Z
675947,Leena,MacPhail,lmacphaildp@kickstarter.com,630-811-9593,Denver,Colorado,,2024-11-26,silver,false,2024-11-26T00:00:00.000Z,2026-03-26T00:00:00.000Z
682793,Monah,Billie,mbillie7k@diigo.com,318-409-7797,Los Angeles,California,71307,2023-09-04,platinum,true,2023-09-04T00:00:00.000Z,2026-04-26T00:00:00.000Z
683996,Etienne,Kingdom,ekingdomd@de.vu,187-925-1142,Denver,Colorado,,2024-03-03,bronze,false,2024-03-03T00:00:00.000Z,2026-04-11T00:00:00.000Z
685411,Hannie,Attwoul,hattwoul7y@blogspot.com,278-122-1030,Buffalo,New York,,2022-12-18,platinum,true,2022-12-18T00:00:00.000Z,2026-03-26T00:00:00.000Z
686067,Chantalle,Iddon,ciddond3@nhs.uk,488-149-8955,Buffalo,New York,55900-000,2024-10-13,bronze,true,2024-10-13T00:00:00.000Z,2026-04-12T00:00:00.000Z
686094,Robbie,MacCurtain,rmaccurtain7r@scribd.com,681-645-5488,Birmingham,Alabama,681008,2023-01-21,platinum,true,2023-01-21T00:00:00.000Z,2026-04-10T00:00:00.000Z
688298,Jaquenette,Casacchia,jcasacchia17@boston.com,711-829-1035,Denver,Colorado,,2023-11-22,platinum,true,2023-11-22T00:00:00.000Z,2026-02-03T00:00:00.000Z
688444,Ealasaid,Alban,ealban1h@lycos.com,138-369-7070,Denver,Colorado,3405-077,2024-05-21,gold,true,2024-05-21T00:00:00.000Z,2025-12-28T00:00:00.000Z
688789,Beth,Ribeiro,bribeiro5@yale.edu,453-795-2492,Chicago,Illinois,,2023-05-07,silver,true,2023-05-07T00:00:00.000Z,2026-01-30T00:00:00.000Z
690975,Rutherford,Quigg,rquigg4a@live.com,863-959-5986,Birmingham,Alabama,,2022-04-20,gold,true,2022-04-20T00:00:00.000Z,2025-12-25T00:00:00.000Z
694224,Ansel,Andreas,aandreas1o@time.com,987-323-8556,Chicago,Illinois,,2023-05-22,bronze,true,2023-05-22T00:00:00.000Z,2026-04-24T00:00:00.000Z
694243,Camellia,Giacaponi,cgiacaponi66@meetup.com,898-116-0303,Los Angeles,California,1002,2023-04-11,bronze,true,2023-04-11T00:00:00.000Z,2025-12-16T00:00:00.000Z
696416,Cobby,Pearmain,cpearmain6t@dell.com,299-475-6599,Chicago,Illinois,01-517,2023-11-12,bronze,true,2023-11-12T00:00:00.000Z,2026-02-08T00:00:00.000Z
696894,Bethina,O'Scollee,boscolleec3@edublogs.org,659-612-2295,Chicago,Illinois,,2024-12-03,silver,true,2024-12-03T00:00:00.000Z,2026-03-01T00:00:00.000Z
697949,Elbert,Peres,eperesau@phoca.cz,852-100-8430,Chicago,Illinois,,2022-12-28,platinum,true,2022-12-28T00:00:00.000Z,2026-03-13T00:00:00.000Z
698940,Jules,Del Checolo,jdelchecoloab@lulu.com,802-565-1334,Buffalo,New York,,2025-02-16,gold,true,2025-02-16T00:00:00.000Z,2026-01-31T00:00:00.000Z
699789,Clarisse,Bullingham,cbullingham6q@prnewswire.com,439-510-0121,Los Angeles,California,,2023-02-17,gold,true,2023-02-17T00:00:00.000Z,2026-04-09T00:00:00.000Z
702405,Farrand,Rivel,frivelcc@wordpress.com,300-486-5241,Birmingham,Alabama,,2024-08-15,platinum,true,2024-08-15T00:00:00.000Z,2026-02-17T00:00:00.000Z
703199,Lucias,Lindell,llindellc8@eepurl.com,104-160-7566,Chicago,Illinois,2970-303,2025-03-10,platinum,false,2025-03-10T00:00:00.000Z,2026-01-18T00:00:00.000Z
710763,Alane,Scouler,ascouler5c@skype.com,862-250-4203,Los Angeles,California,L-8165,2024-03-29,silver,true,2024-03-29T00:00:00.000Z,2026-03-23T00:00:00.000Z
711368,Marv,Scoon,mscoon2l@salon.com,345-199-2615,Denver,Colorado,509-0307,2023-06-11,bronze,true,2023-06-11T00:00:00.000Z,2026-02-22T00:00:00.000Z
712023,Moreen,McEwen,mmcewenaj@barnesandnoble.com,883-657-1307,Birmingham,Alabama,,2024-12-01,silver,true,2024-12-01T00:00:00.000Z,2026-03-16T00:00:00.000Z
715702,Georgianne,Firth,gfirth8j@ted.com,682-286-6975,Los Angeles,California,76105,2023-12-23,silver,true,2023-12-23T00:00:00.000Z,2025-12-06T00:00:00.000Z
716048,Olav,Crockford,ocrockford1u@businessweek.com,444-190-0867,Buffalo,New York,,2022-10-09,platinum,true,2022-10-09T00:00:00.000Z,2025-12-04T00:00:00.000Z
720520,Ty,Lemmen,tlemmen6p@naver.com,752-111-6544,Buffalo,New York,58330-000,2023-12-03,gold,false,2023-12-03T00:00:00.000Z,2026-02-05T00:00:00.000Z
727408,Carr,Singleton,csingletondb@google.pl,361-778-1905,Birmingham,Alabama,,2024-05-24,gold,true,2024-05-24T00:00:00.000Z,2026-03-01T00:00:00.000Z
727849,Aubrey,Beach,abeachb6@blogger.com,229-679-2986,Los Angeles,California,,2024-02-07,gold,false,2024-02-07T00:00:00.000Z,2026-04-08T00:00:00.000Z
730241,Thornie,Dewick,tdewick7x@theatlantic.com,935-203-3068,Chicago,Illinois,,2025-02-11,platinum,true,2025-02-11T00:00:00.000Z,2026-03-27T00:00:00.000Z
735321,Patricia,Toombs,ptoombsb8@github.com,585-413-5465,Birmingham,Alabama,2870-013,2024-09-13,silver,true,2024-09-13T00:00:00.000Z,2026-01-29T00:00:00.000Z
740290,Ivett,Sherrell,isherrell1c@cyberchimps.com,721-596-2787,Denver,Colorado,,2024-02-05,gold,false,2024-02-05T00:00:00.000Z,2026-03-03T00:00:00.000Z
741795,Tuckie,Leece,tleece14@tuttocitta.it,669-669-0842,Chicago,Illinois,,2022-09-10,bronze,true,2022-09-10T00:00:00.000Z,2025-12-02T00:00:00.000Z
745483,Ware,Soppit,wsoppit62@surveymonkey.com,992-345-7477,Denver,Colorado,141340,2022-09-24,bronze,false,2022-09-24T00:00:00.000Z,2026-04-26T00:00:00.000Z
746725,Delmore,Blaszczak,dblaszczak9h@economist.com,827-734-2034,Buffalo,New York,,2024-09-14,bronze,true,2024-09-14T00:00:00.000Z,2025-12-31T00:00:00.000Z
748320,Debbie,Dommerque,ddommerquel@ehow.com,513-693-3677,Buffalo,New York,45296,2022-12-31,gold,true,2022-12-31T00:00:00.000Z,2026-04-08T00:00:00.000Z
749214,Jarvis,McEllen,jmcellen1l@shinystat.com,747-616-5439,Los Angeles,California,8507,2022-12-03,bronze,true,2022-12-03T00:00:00.000Z,2026-02-11T00:00:00.000Z
749686,Darcie,Frossell,dfrossell98@thetimes.co.uk,868-186-9567,Los Angeles,California,,2024-09-16,gold,true,2024-09-16T00:00:00.000Z,2026-01-23T00:00:00.000Z
751074,Kellsie,Covey,kcoveyac@google.nl,556-770-0301,Los Angeles,California,,2022-06-25,gold,true,2022-06-25T00:00:00.000Z,2026-02-03T00:00:00.000Z
751559,Mechelle,Lackmann,mlackmannad@adobe.com,758-292-8148,Denver,Colorado,215107,2024-03-29,silver,true,2024-03-29T00:00:00.000Z,2026-02-27T00:00:00.000Z
752639,Jefferey,Rysom,jrysom78@people.com.cn,642-612-4293,Chicago,Illinois,,2023-02-02,gold,true,2023-02-02T00:00:00.000Z,2026-01-04T00:00:00.000Z
753349,Bruno,Burdekin,bburdekin4d@gravatar.com,681-692-0837,Los Angeles,California,,2024-02-09,gold,true,2024-02-09T00:00:00.000Z,2026-05-02T00:00:00.000Z
758376,Ax,Butters,abuttersdk@unesco.org,801-977-9500,Denver,Colorado,,2024-07-24,gold,true,2024-07-24T00:00:00.000Z,2026-03-26T00:00:00.000Z
759836,Harley,Lorence,hlorence4b@g.co,288-771-6554,Chicago,Illinois,43000,2023-10-23,bronze,false,2023-10-23T00:00:00.000Z,2026-05-02T00:00:00.000Z
761952,Chancey,Di Biaggi,cdibiaggico@yale.edu,351-148-3684,Buffalo,New York,75756 CEDEX 15,2022-01-06,platinum,true,2022-01-06T00:00:00.000Z,2025-12-28T00:00:00.000Z
762395,Darcie,Bambery,dbambery9e@mapy.cz,308-426-6085,Denver,Colorado,6550,2022-06-18,platinum,false,2022-06-18T00:00:00.000Z,2026-03-30T00:00:00.000Z
765693,Antonia,Sprull,asprullh@tuttocitta.it,972-128-8514,Los Angeles,California,8421,2023-04-17,platinum,true,2023-04-17T00:00:00.000Z,2026-01-19T00:00:00.000Z
773295,Melitta,Stronack,mstronack9@aol.com,454-732-3760,Birmingham,Alabama,,2023-03-12,silver,true,2023-03-12T00:00:00.000Z,2026-04-28T00:00:00.000Z
775809,Yelena,Jeynes,yjeynesaf@last.fm,796-750-0806,Chicago,Illinois,415 17,2024-09-10,silver,true,2024-09-10T00:00:00.000Z,2025-12-19T00:00:00.000Z
777517,Ekaterina,Seathwright,eseathwright2v@example.com,950-690-2926,Denver,Colorado,,2024-06-14,platinum,true,2024-06-14T00:00:00.000Z,2026-05-02T00:00:00.000Z
779458,Roz,Kynge,rkynge4q@live.com,603-529-0546,Chicago,Illinois,4525-355,2022-01-18,bronze,true,2022-01-18T00:00:00.000Z,2026-04-06T00:00:00.000Z
782441,Wildon,Camies,wcamies2j@dedecms.com,513-936-5842,Buffalo,New York,45249,2024-02-02,gold,false,2024-02-02T00:00:00.000Z,2025-12-17T00:00:00.000Z
783369,Genna,Gambles,ggamblesc0@hugedomains.com,343-215-8832,Los Angeles,California,571 01,2023-01-08,bronze,true,2023-01-08T00:00:00.000Z,2025-12-23T00:00:00.000Z
783897,Feodor,Craister,fcraisteraq@csmonitor.com,116-999-4359,Buffalo,New York,,2025-01-25,platinum,true,2025-01-25T00:00:00.000Z,2026-03-23T00:00:00.000Z
788098,Wenda,Lomond,wlomond3w@upenn.edu,590-116-0550,Chicago,Illinois,634027,2023-04-15,bronze,false,2023-04-15T00:00:00.000Z,2026-04-27T00:00:00.000Z
789645,Suellen,Geddes,sgeddes6m@wsj.com,594-550-1241,Denver,Colorado,,2024-05-23,silver,true,2024-05-23T00:00:00.000Z,2026-01-04T00:00:00.000Z
790721,Brandon,Oldale,boldale8l@ucla.edu,608-591-8867,Birmingham,Alabama,,2023-10-09,silver,true,2023-10-09T00:00:00.000Z,2026-02-05T00:00:00.000Z
791180,Dionisio,Howgego,dhowgegob1@rediff.com,769-847-1369,Los Angeles,California,,2024-07-01,bronze,false,2024-07-01T00:00:00.000Z,2026-01-11T00:00:00.000Z
791270,Lorne,Davern,ldaverndd@wiley.com,446-970-0931,Buffalo,New York,404 32,2024-07-19,bronze,true,2024-07-19T00:00:00.000Z,2025-12-17T00:00:00.000Z
792884,Bambi,Dhillon,bdhillon60@amazonaws.com,980-814-9483,Buffalo,New York,,2024-04-16,bronze,true,2024-04-16T00:00:00.000Z,2026-04-20T00:00:00.000Z
793883,Boniface,Witter,bwittera0@sun.com,570-966-3595,Chicago,Illinois,,2022-09-30,bronze,true,2022-09-30T00:00:00.000Z,2026-01-18T00:00:00.000Z
795983,Burch,Cabel,bcabel5r@facebook.com,512-424-7280,Los Angeles,California,291 21,2023-11-05,silver,true,2023-11-05T00:00:00.000Z,2026-05-06T00:00:00.000Z
796619,Dickie,Brewett,dbrewett9g@mapquest.com,360-459-1527,Chicago,Illinois,,2022-04-06,bronze,true,2022-04-06T00:00:00.000Z,2025-12-28T00:00:00.000Z
798461,Zita,McGiffie,zmcgiffie6a@homestead.com,716-684-6301,Buffalo,New York,,2023-09-20,silver,false,2023-09-20T00:00:00.000Z,2026-05-03T00:00:00.000Z
800516,Aggie,Fletcher,afletcher6k@ask.com,694-865-3636,Buffalo,New York,,2024-02-10,platinum,true,2024-02-10T00:00:00.000Z,2025-12-26T00:00:00.000Z
801566,Albie,Manvelle,amanvelle8b@oakley.com,199-130-5853,Birmingham,Alabama,8900-205,2022-04-06,bronze,true,2022-04-06T00:00:00.000Z,2026-03-02T00:00:00.000Z
804166,Abdul,Jacquest,ajacquest7i@umich.edu,586-103-4499,Chicago,Illinois,273 43,2022-12-26,gold,true,2022-12-26T00:00:00.000Z,2026-01-04T00:00:00.000Z
804777,Carolyne,Maudling,cmaudling9r@google.es,240-617-8133,Buffalo,New York,21747,2022-07-21,bronze,true,2022-07-21T00:00:00.000Z,2026-02-06T00:00:00.000Z
806300,Monique,Burgyn,mburgynaz@boston.com,250-667-9349,Chicago,Illinois,,2024-05-17,silver,false,2024-05-17T00:00:00.000Z,2026-05-06T00:00:00.000Z
807369,Sumner,Kemm,skemm11@icq.com,426-445-9417,Los Angeles,California,,2022-04-16,platinum,false,2022-04-16T00:00:00.000Z,2026-01-17T00:00:00.000Z
808455,Markos,Timlin,mtimlin8p@ted.com,933-217-0043,Denver,Colorado,,2023-04-08,gold,true,2023-04-08T00:00:00.000Z,2025-12-21T00:00:00.000Z
809088,Kalinda,Porrett,kporrett9d@blogspot.com,590-425-6337,Los Angeles,California,,2024-09-22,platinum,true,2024-09-22T00:00:00.000Z,2026-03-23T00:00:00.000Z
809421,Leanor,Surplice,lsurpliced6@symantec.com,359-659-8537,Birmingham,Alabama,2705-137,2025-04-24,silver,true,2025-04-24T00:00:00.000Z,2025-12-29T00:00:00.000Z
809577,Ezechiel,Ollcott,eollcottbq@zdnet.com,341-894-2389,Los Angeles,California,,2023-11-16,platinum,true,2023-11-16T00:00:00.000Z,2026-03-12T00:00:00.000Z
812074,Dacie,Cowherd,dcowherd40@hexun.com,279-376-5137,Birmingham,Alabama,,2023-02-17,bronze,false,2023-02-17T00:00:00.000Z,2026-02-20T00:00:00.000Z
812937,Cece,Lucas,clucas81@cbc.ca,564-931-3527,Birmingham,Alabama,,2023-05-02,gold,false,2023-05-02T00:00:00.000Z,2025-12-16T00:00:00.000Z
823734,Isaiah,Beyne,ibeyneax@wordpress.com,214-520-1773,Denver,Colorado,75277,2023-10-12,gold,true,2023-10-12T00:00:00.000Z,2025-12-19T00:00:00.000Z
825657,Averil,Dimock,adimockb9@ed.gov,186-467-5642,Chicago,Illinois,,2023-12-29,silver,true,2023-12-29T00:00:00.000Z,2026-03-13T00:00:00.000Z
830669,Mollee,Fateley,mfateley3o@eepurl.com,462-728-2757,Los Angeles,California,51216,2025-01-06,bronze,true,2025-01-06T00:00:00.000Z,2026-03-20T00:00:00.000Z
833263,Riki,Pilling,rpilling5e@java.com,128-471-7982,Birmingham,Alabama,,2023-10-16,platinum,true,2023-10-16T00:00:00.000Z,2026-03-30T00:00:00.000Z
834922,Karole,Grigoroni,kgrigoroni7j@pinterest.com,268-712-3822,Buffalo,New York,,2023-02-09,silver,true,2023-02-09T00:00:00.000Z,2026-04-27T00:00:00.000Z
838964,Ellerey,Froude,efroude82@altervista.org,908-297-3470,Chicago,Illinois,,2024-01-07,bronze,true,2024-01-07T00:00:00.000Z,2026-04-22T00:00:00.000Z
839311,Otto,Hawking,ohawkinga4@economist.com,965-578-8175,Birmingham,Alabama,,2022-09-11,gold,true,2022-09-11T00:00:00.000Z,2026-01-30T00:00:00.000Z
841593,Shea,Langfat,slangfat9j@chronoengine.com,597-176-3508,Denver,Colorado,2970-137,2023-04-01,gold,true,2023-04-01T00:00:00.000Z,2026-03-02T00:00:00.000Z
842507,Jan,Postle,jpostle1g@china.com.cn,915-131-7344,Los Angeles,California,2420,2024-01-26,bronze,false,2024-01-26T00:00:00.000Z,2026-03-25T00:00:00.000Z
842789,Walt,Garron,wgarron6z@zimbio.com,394-708-6362,Buffalo,New York,,2024-08-10,platinum,true,2024-08-10T00:00:00.000Z,2025-12-31T00:00:00.000Z
846189,Lon,Beart,lbeart9q@mac.com,179-258-3435,Chicago,Illinois,,2022-06-27,gold,false,2022-06-27T00:00:00.000Z,2025-12-20T00:00:00.000Z
847388,Jarred,Stoffer,jstofferp@oracle.com,448-711-6864,Chicago,Illinois,,2024-08-07,silver,false,2024-08-07T00:00:00.000Z,2026-02-18T00:00:00.000Z
848383,York,Lorraine,ylorrainede@cbsnews.com,582-455-0864,Los Angeles,California,63475-000,2023-11-12,silver,false,2023-11-12T00:00:00.000Z,2026-03-11T00:00:00.000Z
852272,Idalia,Rubberts,irubberts88@nyu.edu,966-418-9205,Buffalo,New York,4701,2022-01-30,silver,true,2022-01-30T00:00:00.000Z,2025-12-30T00:00:00.000Z
859751,Lemmy,Vinck,lvinck1f@t-online.de,902-287-9226,Buffalo,New York,,2022-02-26,bronze,true,2022-02-26T00:00:00.000Z,2026-02-19T00:00:00.000Z
863328,Gasper,Erie,gerie2w@google.cn,845-687-2370,Birmingham,Alabama,,2023-01-23,gold,true,2023-01-23T00:00:00.000Z,2026-04-30T00:00:00.000Z
866459,Lon,Quadri,lquadrid1@umn.edu,379-565-6326,Birmingham,Alabama,80-209,2024-01-05,platinum,false,2024-01-05T00:00:00.000Z,2026-01-18T00:00:00.000Z
868305,Brigitte,Donohue,bdonohue2o@google.com,571-535-7939,Buffalo,New York,646130,2024-11-10,silver,true,2024-11-10T00:00:00.000Z,2026-03-02T00:00:00.000Z
870734,Lynnelle,Hernik,lhernik3t@marriott.com,390-389-3427,Los Angeles,California,,2022-01-30,platinum,true,2022-01-30T00:00:00.000Z,2025-12-31T00:00:00.000Z
871151,Bernie,Bruggeman,bbruggeman5z@theglobeandmail.com,295-943-1026,Chicago,Illinois,,2022-08-10,bronze,true,2022-08-10T00:00:00.000Z,2026-01-29T00:00:00.000Z
871455,Briny,Tofful,btoffuldn@geocities.jp,985-940-4465,Buffalo,New York,,2023-11-22,bronze,true,2023-11-22T00:00:00.000Z,2026-04-12T00:00:00.000Z
871720,Fidelia,Nanuccioi,fnanuccioic7@creativecommons.org,711-628-6945,Birmingham,Alabama,,2022-08-15,bronze,false,2022-08-15T00:00:00.000Z,2026-04-21T00:00:00.000Z
874803,Edin,Sharvill,esharvillby@gov.uk,779-413-1956,Chicago,Illinois,89-340,2022-05-09,bronze,true,2022-05-09T00:00:00.000Z,2026-04-12T00:00:00.000Z
875113,Rogerio,Forrest,rforrestbn@merriam-webster.com,434-920-1676,Birmingham,Alabama,72011,2022-10-30,silver,true,2022-10-30T00:00:00.000Z,2026-03-22T00:00:00.000Z
875708,Zorana,Grigoli,zgrigoli5q@webeden.co.uk,235-959-9995,Buffalo,New York,,2025-04-15,silver,true,2025-04-15T00:00:00.000Z,2026-03-17T00:00:00.000Z
880610,Crissy,Hirthe,chirthe83@amazon.co.jp,262-198-0472,Buffalo,New York,475-0803,2023-11-11,gold,true,2023-11-11T00:00:00.000Z,2026-04-26T00:00:00.000Z
881349,Paton,Engelbrecht,pengelbrecht4l@noaa.gov,933-367-3977,Chicago,Illinois,,2022-05-09,gold,true,2022-05-09T00:00:00.000Z,2026-02-19T00:00:00.000Z
883175,Waverley,Pellew,wpellew8x@phpbb.com,592-411-3957,Buffalo,New York,,2023-02-11,gold,true,2023-02-11T00:00:00.000Z,2026-02-13T00:00:00.000Z
884020,Sheffie,Simmance,ssimmance1b@census.gov,829-676-3290,Los Angeles,California,,2025-01-25,gold,true,2025-01-25T00:00:00.000Z,2026-02-27T00:00:00.000Z
890241,Ermina,Lightfoot,elightfootav@craigslist.org,782-534-5680,Buffalo,New York,55000,2023-09-29,gold,true,2023-09-29T00:00:00.000Z,2026-03-08T00:00:00.000Z
891343,Sharity,Cosker,scoskerbg@google.es,505-410-4810,Los Angeles,California,,2023-07-17,gold,true,2023-07-17T00:00:00.000Z,2026-01-03T00:00:00.000Z
891562,Merla,Gruszka,mgruszkaam@phpbb.com,973-817-8057,Los Angeles,California,,2022-05-30,bronze,false,2022-05-30T00:00:00.000Z,2026-03-16T00:00:00.000Z
892222,Janetta,Niesel,jniesel9c@java.com,207-770-5679,Buffalo,New York,682038,2024-12-10,platinum,false,2024-12-10T00:00:00.000Z,2026-02-25T00:00:00.000Z
893216,Brooke,Dran,bdranci@fc2.com,325-119-1634,Chicago,Illinois,,2024-03-03,gold,true,2024-03-03T00:00:00.000Z,2026-03-29T00:00:00.000Z
893386,Rawley,Janatka,rjanatka7v@unesco.org,124-890-8856,Denver,Colorado,,2022-10-28,silver,true,2022-10-28T00:00:00.000Z,2026-03-07T00:00:00.000Z
898171,Magdalene,Greenhough,mgreenhough85@hp.com,111-971-2707,Denver,Colorado,2350-629,2023-01-06,silver,true,2023-01-06T00:00:00.000Z,2026-02-05T00:00:00.000Z
899736,Kipp,Hardiker,khardiker4p@lulu.com,546-894-3051,Birmingham,Alabama,38280-000,2024-02-17,platinum,true,2024-02-17T00:00:00.000Z,2025-12-12T00:00:00.000Z
900473,Gizela,Lesper,glesper2i@mediafire.com,523-358-7617,Chicago,Illinois,5412,2022-08-13,silver,true,2022-08-13T00:00:00.000Z,2025-12-26T00:00:00.000Z
900812,Johannah,Possel,jpossel97@exblog.jp,437-547-2602,Buffalo,New York,9585,2023-07-17,platinum,true,2023-07-17T00:00:00.000Z,2026-04-27T00:00:00.000Z
907355,Dom,Odom,dodom8g@ow.ly,169-907-8711,Birmingham,Alabama,44501,2023-10-07,bronze,true,2023-10-07T00:00:00.000Z,2026-02-04T00:00:00.000Z
910921,Inger,Britland,ibritlandbd@miibeian.gov.cn,190-221-1248,Birmingham,Alabama,1509,2025-01-27,silver,true,2025-01-27T00:00:00.000Z,2026-03-14T00:00:00.000Z
912001,Cherianne,MacArd,cmacard2s@facebook.com,993-964-1995,Chicago,Illinois,454092,2022-12-08,bronze,true,2022-12-08T00:00:00.000Z,2026-01-11T00:00:00.000Z
914975,Ignace,Cosgriff,icosgriff30@reverbnation.com,566-824-8995,Denver,Colorado,37410-000,2024-06-23,bronze,false,2024-06-23T00:00:00.000Z,2026-01-17T00:00:00.000Z
917057,Rycca,Swabey,rswabey9o@home.pl,547-732-7575,Denver,Colorado,G8A,2023-03-22,bronze,true,2023-03-22T00:00:00.000Z,2026-04-27T00:00:00.000Z
918619,Myriam,Clapston,mclapston4v@ucoz.com,569-125-2259,Chicago,Illinois,06300-000,2023-12-05,bronze,true,2023-12-05T00:00:00.000Z,2026-01-27T00:00:00.000Z
920155,Dinah,Winnard,dwinnard7f@t.co,694-635-6988,Los Angeles,California,,2023-07-08,gold,false,2023-07-08T00:00:00.000Z,2026-03-07T00:00:00.000Z
925488,Killy,Woodyeare,kwoodyeare7z@ucsd.edu,582-720-1824,Los Angeles,California,,2024-03-13,silver,false,2024-03-13T00:00:00.000Z,2026-03-24T00:00:00.000Z
927598,Charla,Albinson,calbinson3s@deviantart.com,153-100-0813,Buffalo,New York,,2022-05-28,gold,false,2022-05-28T00:00:00.000Z,2026-03-09T00:00:00.000Z
928776,Marijn,Kuschke,mkuschkeb4@samsung.com,408-636-7353,Chicago,Illinois,,2025-03-09,platinum,true,2025-03-09T00:00:00.000Z,2026-01-22T00:00:00.000Z
930840,Miguel,MacDowall,mmacdowalld2@vkontakte.ru,655-732-6605,Chicago,Illinois,,2023-06-18,silver,true,2023-06-18T00:00:00.000Z,2026-03-10T00:00:00.000Z
934381,Darline,MacKessock,dmackessock8z@goo.ne.jp,365-195-9944,Denver,Colorado,,2024-07-15,silver,true,2024-07-15T00:00:00.000Z,2026-03-28T00:00:00.000Z
934713,Kippie,Seniour,kseniouri@nih.gov,961-821-4568,Denver,Colorado,,2022-11-18,platinum,false,2022-11-18T00:00:00.000Z,2026-02-15T00:00:00.000Z
942346,Elsa,Trehearne,etrehearne16@godaddy.com,304-833-5497,Los Angeles,California,,2024-01-22,platinum,true,2024-01-22T00:00:00.000Z,2026-04-21T00:00:00.000Z
946024,Kaja,Dauney,kdauney79@hao123.com,992-293-6233,Buffalo,New York,,2023-02-27,gold,true,2023-02-27T00:00:00.000Z,2025-12-09T00:00:00.000Z
947013,Perceval,Janton,pjanton6g@jalbum.net,661-201-7768,Los Angeles,California,,2022-05-02,bronze,true,2022-05-02T00:00:00.000Z,2026-01-03T00:00:00.000Z
947925,Lanita,Baldacchino,lbaldacchinocl@ft.com,281-611-4421,Denver,Colorado,2902,2023-06-26,silver,true,2023-06-26T00:00:00.000Z,2026-04-17T00:00:00.000Z
953115,Sayre,Harcase,sharcase5y@aol.com,495-461-3552,Birmingham,Alabama,2000-452,2023-12-14,gold,true,2023-12-14T00:00:00.000Z,2026-03-01T00:00:00.000Z
955068,Jamaal,Franiak,jfraniakb@abc.net.au,673-622-2700,Buffalo,New York,465 96,2024-11-17,platinum,true,2024-11-17T00:00:00.000Z,2025-12-15T00:00:00.000Z
955180,Arlin,Yatman,ayatman3v@newsvine.com,908-294-6516,Birmingham,Alabama,85850-000,2025-01-26,bronze,false,2025-01-26T00:00:00.000Z,2026-03-23T00:00:00.000Z
955654,Vachel,Lacase,vlacase6f@amazonaws.com,215-579-0201,Buffalo,New York,30560,2025-03-19,gold,true,2025-03-19T00:00:00.000Z,2026-04-07T00:00:00.000Z
964056,Armin,Fideler,afidelero@howstuffworks.com,817-424-5686,Birmingham,Alabama,76105,2022-07-27,silver,true,2022-07-27T00:00:00.000Z,2025-12-05T00:00:00.000Z
967668,Kleon,Dragonette,kdragonette25@oaic.gov.au,617-325-1496,Los Angeles,California,895-2635,2024-12-19,bronze,true,2024-12-19T00:00:00.000Z,2026-01-31T00:00:00.000Z
968667,Johnathan,Bernardoux,jbernardoux4j@slashdot.org,745-914-8616,Denver,Colorado,4713,2024-05-15,gold,true,2024-05-15T00:00:00.000Z,2026-03-07T00:00:00.000Z
968674,Tallie,Boshier,tboshier47@tamu.edu,194-594-0123,Buffalo,New York,72100,2022-11-22,silver,false,2022-11-22T00:00:00.000Z,2026-01-18T00:00:00.000Z
969975,Sayres,Spraggs,sspraggsq@answers.com,419-741-1765,Buffalo,New York,,2023-06-13,gold,false,2023-06-13T00:00:00.000Z,2026-02-24T00:00:00.000Z
976223,Mollee,Lambird,mlambird8i@rediff.com,387-806-6640,Buffalo,New York,,2024-06-15,silver,true,2024-06-15T00:00:00.000Z,2026-02-14T00:00:00.000Z
977983,Garrek,Nowlan,gnowlando@apple.com,505-126-8808,Los Angeles,California,,2025-01-03,platinum,true,2025-01-03T00:00:00.000Z,2026-02-13T00:00:00.000Z
978309,Gustav,Staner,gstaner5d@creativecommons.org,621-844-8946,Denver,Colorado,,2023-01-06,gold,false,2023-01-06T00:00:00.000Z,2025-12-28T00:00:00.000Z
978813,Ardelis,Griffitts,agriffittsa3@exblog.jp,909-473-1209,Denver,Colorado,301536,2022-12-13,silver,true,2022-12-13T00:00:00.000Z,2026-02-05T00:00:00.000Z
979570,Iormina,Collerd,icollerd4x@oracle.com,475-551-9427,Los Angeles,California,44795,2024-04-28,bronze,true,2024-04-28T00:00:00.000Z,2025-12-10T00:00:00.000Z
984211,Ev,Fitzharris,efitzharris4@cyberchimps.com,411-454-8972,Birmingham,Alabama,,2022-01-12,silver,false,2022-01-12T00:00:00.000Z,2026-01-29T00:00:00.000Z
984232,Adel,Walklot,awalklot9u@soundcloud.com,643-930-2133,Birmingham,Alabama,1252,2024-10-04,platinum,true,2024-10-04T00:00:00.000Z,2025-12-03T00:00:00.000Z
986593,Alika,Gniewosz,agniewosz8@sakura.ne.jp,781-681-5579,Denver,Colorado,,2023-09-25,bronze,true,2023-09-25T00:00:00.000Z,2026-03-25T00:00:00.000Z
988285,Zorina,Main,zmainy@spotify.com,922-381-6169,Birmingham,Alabama,,2022-05-25,silver,true,2022-05-25T00:00:00.000Z,2025-12-16T00:00:00.000Z
990347,Noami,Sercombe,nsercombeca@google.ca,589-226-3104,Los Angeles,California,21-543,2022-10-24,silver,true,2022-10-24T00:00:00.000Z,2026-02-14T00:00:00.000Z
992984,Kalil,Foxcroft,kfoxcroft8m@cbsnews.com,773-511-2712,Chicago,Illinois,,2022-02-05,platinum,true,2022-02-05T00:00:00.000Z,2026-04-05T00:00:00.000Z
993298,Adah,Hatch,ahatch74@miitbeian.gov.cn,872-954-4002,Buffalo,New York,38-315,2022-11-19,silver,true,2022-11-19T00:00:00.000Z,2026-03-19T00:00:00.000Z
995299,Dulsea,Domone,ddomoneap@nytimes.com,713-779-3551,Chicago,Illinois,M4H,2023-04-12,silver,true,2023-04-12T00:00:00.000Z,2026-01-19T00:00:00.000Z
996740,Thacher,Lazell,tlazellal@statcounter.com,468-865-4251,Buffalo,New York,429905,2024-11-18,bronze,false,2024-11-18T00:00:00.000Z,2025-12-26T00:00:00.000Z
998470,Papagena,Gorghetto,pgorghetto3e@bigcartel.com,296-257-0505,Los Angeles,California,614097,2024-10-15,platinum,true,2024-10-15T00:00:00.000Z,2026-01-29T00:00:00.000Z
998667,Gaspar,Kenset,gkensetch@hugedomains.com,659-987-5699,Birmingham,Alabama,,2022-05-09,platinum,true,2022-05-09T00:00:00.000Z,2026-01-28T00:00:00.000Z
999656,Melesa,Kenworthey,mkenwortheydc@wufoo.com,378-911-0101,Chicago,Illinois,,2022-11-26,platinum,true,2022-11-26T00:00:00.000Z,2025-12-06T00:00:00.000Z
